canonical,metab_group,tissue,sex,comparison_group,logFC,adj_p_value,p_value,n_platform_entries,sex_label,sig_dot
Citrate,TCA cycle,BAT,female,1w,0.239343622747,1,0.377107727424073,1,Female,
Citrate,TCA cycle,BAT,female,2w,0.2856531909600605,1,0.116488647101603,2,Female,
Citrate,TCA cycle,BAT,female,4w,0.1710046239703965,1,0.470769100422447,2,Female,
Citrate,TCA cycle,BAT,female,8w,0.13664999210492298,1,0.125225270601814,2,Female,
Citrate,TCA cycle,BAT,male,1w,0.20202774924550648,1,0.396629838493154,2,Male,
Citrate,TCA cycle,BAT,male,2w,-0.03952530493589571,1,0.760125350972222,2,Male,
Citrate,TCA cycle,BAT,male,4w,0.17480985444281494,1,0.215146718950929,2,Male,
Citrate,TCA cycle,BAT,male,8w,-0.743667657620209,1,0.0229944253765606,1,Male,
Citrate,TCA cycle,HEART,female,1w,0.44901679182668275,1,0.0052564802916368,4,Female,
Citrate,TCA cycle,HEART,female,2w,0.2734499144464382,1,0.00561775436344072,4,Female,
Citrate,TCA cycle,HEART,female,4w,0.20197377299748015,1,0.0245752493677578,4,Female,
Citrate,TCA cycle,HEART,female,8w,0.07945064392741798,1,0.189457766962793,4,Female,
Citrate,TCA cycle,HEART,male,1w,0.23091643427849257,0.758822572444226,0.001751798706551,4,Male,
Citrate,TCA cycle,HEART,male,2w,0.39952578415997175,0.389466825346885,5.15735653414903e-4,4,Male,
Citrate,TCA cycle,HEART,male,4w,0.25108464218564797,1,0.0400475656224261,4,Male,
Citrate,TCA cycle,HEART,male,8w,-0.21560427053514494,1,0.0734887273725388,4,Male,
Citrate,TCA cycle,HIPPOC,female,1w,-0.23035177926980824,1,0.0801932366960774,2,Female,
Citrate,TCA cycle,HIPPOC,female,2w,0.06679250255665994,1,0.560969503200997,2,Female,
Citrate,TCA cycle,HIPPOC,female,4w,-0.09338693993233485,1,0.494318056017972,2,Female,
Citrate,TCA cycle,HIPPOC,female,8w,0.2088815952796209,1,0.143622813135433,2,Female,
Citrate,TCA cycle,HIPPOC,male,1w,0.07740574080653449,1,0.216117365781775,2,Male,
Citrate,TCA cycle,HIPPOC,male,2w,0.261611238818305,1,0.20550551568432,2,Male,
Citrate,TCA cycle,HIPPOC,male,4w,0.13616553062518602,1,0.0754465818098617,2,Male,
Citrate,TCA cycle,HIPPOC,male,8w,-0.0025956175116139957,1,0.630454912577853,2,Male,
Citrate,TCA cycle,KIDNEY,female,1w,-0.06813368904236267,1,0.0437095934505854,3,Female,
Citrate,TCA cycle,KIDNEY,female,2w,0.0328035486567102,1,0.0434432798719962,3,Female,
Citrate,TCA cycle,KIDNEY,female,4w,-0.16352652167803133,0.250691569851328,2.10416315623653e-4,3,Female,
Citrate,TCA cycle,KIDNEY,female,8w,0.11179498187818268,1,0.0526798755550599,3,Female,
Citrate,TCA cycle,KIDNEY,male,1w,0.3460823588121097,1,0.0186945901880163,3,Male,
Citrate,TCA cycle,KIDNEY,male,2w,0.39047318352378957,1,0.0053301047611255,3,Male,
Citrate,TCA cycle,KIDNEY,male,4w,0.200938105835839,1,0.114874399532887,3,Male,
Citrate,TCA cycle,KIDNEY,male,8w,0.13398662170856185,1,0.0961039605172509,3,Male,
Citrate,TCA cycle,LIVER,female,1w,0.17724285100284248,1,0.00570595763933299,3,Female,
Citrate,TCA cycle,LIVER,female,2w,-0.06124802750242897,1,0.345846267518651,3,Female,
Citrate,TCA cycle,LIVER,female,4w,0.28495311257330536,1,0.0608576073523346,3,Female,
Citrate,TCA cycle,LIVER,female,8w,0.11812970971987033,1,0.264098196600632,3,Female,
Citrate,TCA cycle,LIVER,male,1w,0.33478042986362505,1,0.0077536973797124,3,Male,
Citrate,TCA cycle,LIVER,male,2w,0.20304358979522166,1,0.00414225389373756,3,Male,
Citrate,TCA cycle,LIVER,male,4w,0.17968690599180956,1,0.184717008531306,3,Male,
Citrate,TCA cycle,LIVER,male,8w,-0.05256251924573863,1,0.165810917120192,3,Male,
Citrate,TCA cycle,LUNG,female,1w,-0.077672179003593,1,0.456161498074026,3,Female,
Citrate,TCA cycle,LUNG,female,2w,-0.06833072722974749,1,0.316369115679605,3,Female,
Citrate,TCA cycle,LUNG,female,4w,-0.07585190783346767,1,0.326935015111471,3,Female,
Citrate,TCA cycle,LUNG,female,8w,0.033326187538048994,1,0.489275300225243,3,Female,
Citrate,TCA cycle,LUNG,male,1w,0.18515994757530663,1,0.236536216914617,3,Male,
Citrate,TCA cycle,LUNG,male,2w,0.02355039692241913,1,0.274227469714652,3,Male,
Citrate,TCA cycle,LUNG,male,4w,-0.05712788460200125,1,0.0390348478840882,3,Male,
Citrate,TCA cycle,LUNG,male,8w,-0.17190215086176197,1,0.198283448370408,3,Male,
Citrate,TCA cycle,NA,female,1w,-0.290237613573062,1,0.0586052693502574,3,Female,
Citrate,TCA cycle,NA,female,2w,-0.15815429017520308,1,0.221899046255322,3,Female,
Citrate,TCA cycle,NA,female,4w,-0.23626781455022966,0.946512351098012,0.00263791789353758,3,Female,
Citrate,TCA cycle,NA,female,8w,-0.0317363266822061,1,0.188486697619208,3,Female,
Citrate,TCA cycle,NA,male,1w,-0.059610091607646,1,0.503082794474701,3,Male,
Citrate,TCA cycle,NA,male,2w,-0.1995408285196624,1,0.027833536097233,3,Male,
Citrate,TCA cycle,NA,male,4w,-0.18515160463021268,1,0.226685891249214,3,Male,
Citrate,TCA cycle,NA,male,8w,-0.697108487741505,0.365049140914152,4.56802708711734e-4,3,Male,
Citrate,TCA cycle,SKM-GN,female,1w,-0.37290062872504304,0.619576981531512,0.00119669841582795,3,Female,
Citrate,TCA cycle,SKM-GN,female,2w,-0.30329317832327835,1,0.0288657921420311,3,Female,
Citrate,TCA cycle,SKM-GN,female,4w,-0.3880093294561707,0.97951937577193,0.00284580144394884,3,Female,
Citrate,TCA cycle,SKM-GN,female,8w,-0.03573528311334733,1,0.256107922452388,3,Female,
Citrate,TCA cycle,SKM-GN,male,1w,0.034466496716689665,1,0.0655787114895389,3,Male,
Citrate,TCA cycle,SKM-GN,male,2w,-0.05623634888464999,1,0.250312335360741,3,Male,
Citrate,TCA cycle,SKM-GN,male,4w,0.151148647726162,1,0.363434524215605,3,Male,
Citrate,TCA cycle,SKM-GN,male,8w,0.2133407910968159,1,0.0638451532669059,3,Male,
Citrate,TCA cycle,WAT-SC,female,1w,-0.19067860285667698,1,0.0197138223348865,2,Female,
Citrate,TCA cycle,WAT-SC,female,2w,0.1654537929572305,1,0.061035372549887,2,Female,
Citrate,TCA cycle,WAT-SC,female,4w,-0.05968353381713368,1,0.64213551975738,2,Female,
Citrate,TCA cycle,WAT-SC,female,8w,0.37898313943524,1,0.113129919484683,2,Female,
Citrate,TCA cycle,WAT-SC,male,1w,-0.1895654100588402,1,0.330178664933697,2,Male,
Citrate,TCA cycle,WAT-SC,male,2w,-0.1587692702000041,1,0.391696528439811,2,Male,
Citrate,TCA cycle,WAT-SC,male,4w,-0.289826884721025,1,0.210825362254208,2,Male,
Citrate,TCA cycle,WAT-SC,male,8w,0.20067810108948198,1,0.483772884384449,2,Male,
Citrate+Isocitrate,TCA cycle,BAT,female,1w,-0.931276668953244,1,0.012884928190276,1,Female,
Citrate+Isocitrate,TCA cycle,BAT,female,2w,-1.04755151426233,1,0.00602125801370743,1,Female,
Citrate+Isocitrate,TCA cycle,BAT,female,4w,-1.07220753579544,1,0.00511038596541826,1,Female,
Citrate+Isocitrate,TCA cycle,BAT,female,8w,-0.695492354699515,1,0.0653505997781532,1,Female,
Citrate+Isocitrate,TCA cycle,BAT,male,1w,-0.548972834583827,1,0.133268951147443,1,Male,
Citrate+Isocitrate,TCA cycle,BAT,male,2w,-0.918662309719387,1,0.0163460755079659,1,Male,
Citrate+Isocitrate,TCA cycle,BAT,male,4w,0.0877729251868272,1,0.805083796101496,1,Male,
Citrate+Isocitrate,TCA cycle,BAT,male,8w,0.347655636807031,1,0.401090183061309,1,Male,
Citrate+Isocitrate,TCA cycle,HEART,female,1w,0.657921751417058,1,0.0052564802916368,1,Female,
Citrate+Isocitrate,TCA cycle,HEART,female,2w,0.36212100839167,1,0.104239827565031,1,Female,
Citrate+Isocitrate,TCA cycle,HEART,female,4w,0.153171370014777,1,0.482038643308086,1,Female,
Citrate+Isocitrate,TCA cycle,HEART,female,8w,0.0744801532795769,1,0.731442689814807,1,Female,
Citrate+Isocitrate,TCA cycle,HEART,male,1w,0.0759666242370312,1,0.7423131845487,1,Male,
Citrate+Isocitrate,TCA cycle,HEART,male,2w,0.239027348320596,1,0.305720922180775,1,Male,
Citrate+Isocitrate,TCA cycle,HEART,male,4w,0.302499856906304,1,0.197811299687498,1,Male,
Citrate+Isocitrate,TCA cycle,HEART,male,8w,0.0687947665680033,1,0.765846426529697,1,Male,
Citrate+Isocitrate,TCA cycle,HIPPOC,female,1w,0.0285454085228025,1,0.934192365298655,1,Female,
Citrate+Isocitrate,TCA cycle,HIPPOC,female,2w,0.225417112822256,1,0.516471279164483,1,Female,
Citrate+Isocitrate,TCA cycle,HIPPOC,female,4w,-0.00728408270207292,1,0.984149718154507,1,Female,
Citrate+Isocitrate,TCA cycle,HIPPOC,female,8w,0.140240841858667,1,0.685553539468052,1,Female,
Citrate+Isocitrate,TCA cycle,HIPPOC,male,1w,-0.334221712086091,1,0.387590085657955,1,Male,
Citrate+Isocitrate,TCA cycle,HIPPOC,male,2w,-0.28211210982650903,1,0.464731149248359,1,Male,
Citrate+Isocitrate,TCA cycle,HIPPOC,male,4w,0.235656568779069,1,0.54065521076103,1,Male,
Citrate+Isocitrate,TCA cycle,HIPPOC,male,8w,-0.00224866741553786,1,0.995321755544206,1,Male,
Citrate+Isocitrate,TCA cycle,KIDNEY,female,1w,0.300137353050108,1,0.129341602747572,1,Female,
Citrate+Isocitrate,TCA cycle,KIDNEY,female,2w,0.222378438525966,1,0.255778468432562,1,Female,
Citrate+Isocitrate,TCA cycle,KIDNEY,female,4w,0.0847833292823829,1,0.660985471011997,1,Female,
Citrate+Isocitrate,TCA cycle,KIDNEY,female,8w,0.109715023495813,1,0.570909414819093,1,Female,
Citrate+Isocitrate,TCA cycle,KIDNEY,male,1w,0.355796369807017,1,0.023492242942806,1,Male,
Citrate+Isocitrate,TCA cycle,KIDNEY,male,2w,0.368273911123566,1,0.0194922594514324,1,Male,
Citrate+Isocitrate,TCA cycle,KIDNEY,male,4w,-0.0411996220341117,1,0.781169105265175,1,Male,
Citrate+Isocitrate,TCA cycle,KIDNEY,male,8w,-0.179881545823962,1,0.232207528121614,1,Male,
Citrate+Isocitrate,TCA cycle,LIVER,female,1w,-0.239425367847185,1,0.180628590573389,1,Female,
Citrate+Isocitrate,TCA cycle,LIVER,female,2w,-0.276003562601839,1,0.125165107936284,1,Female,
Citrate+Isocitrate,TCA cycle,LIVER,female,4w,-0.113732386745984,1,0.518243088752797,1,Female,
Citrate+Isocitrate,TCA cycle,LIVER,female,8w,-0.03229294155639,1,0.853824240930903,1,Female,
Citrate+Isocitrate,TCA cycle,LIVER,male,1w,-0.128307505944296,1,0.63173914080121,1,Male,
Citrate+Isocitrate,TCA cycle,LIVER,male,2w,-0.412159105706956,1,0.13238394017743,1,Male,
Citrate+Isocitrate,TCA cycle,LIVER,male,4w,-0.36367028388296,1,0.181878410756952,1,Male,
Citrate+Isocitrate,TCA cycle,LIVER,male,8w,-0.763493653643854,1,0.00828109841073704,1,Male,
Citrate+Isocitrate,TCA cycle,LUNG,female,1w,-0.0927172144849697,1,0.342947128274273,1,Female,
Citrate+Isocitrate,TCA cycle,LUNG,female,2w,-0.0804748223146468,1,0.409240296519068,1,Female,
Citrate+Isocitrate,TCA cycle,LUNG,female,4w,-0.26036095056156,1,0.0124474006701792,1,Female,
Citrate+Isocitrate,TCA cycle,LUNG,female,8w,-0.246981508421733,1,0.017005281795837,1,Female,
Citrate+Isocitrate,TCA cycle,LUNG,male,1w,-0.16055655019679901,1,0.0761383999044365,1,Male,
Citrate+Isocitrate,TCA cycle,LUNG,male,2w,-0.125506681830911,1,0.159828314325707,1,Male,
Citrate+Isocitrate,TCA cycle,LUNG,male,4w,-0.00203425276574176,1,0.981399556543045,1,Male,
Citrate+Isocitrate,TCA cycle,LUNG,male,8w,-0.255451696060461,1,0.00721409633898286,1,Male,
Citrate+Isocitrate,TCA cycle,NA,female,1w,-0.518479228560956,1,0.0617977750910438,1,Female,
Citrate+Isocitrate,TCA cycle,NA,female,2w,-0.108977813346593,1,0.682966010191187,1,Female,
Citrate+Isocitrate,TCA cycle,NA,female,4w,0.157453503676182,1,0.555965560738555,1,Female,
Citrate+Isocitrate,TCA cycle,NA,female,8w,0.0773523908999165,1,0.771680588776301,1,Female,
Citrate+Isocitrate,TCA cycle,NA,male,1w,-0.174334343022755,1,0.589869605683249,1,Male,
Citrate+Isocitrate,TCA cycle,NA,male,2w,-0.00383423502596769,1,0.990508807170406,1,Male,
Citrate+Isocitrate,TCA cycle,NA,male,4w,-0.335443961275002,1,0.304041866182241,1,Male,
Citrate+Isocitrate,TCA cycle,NA,male,8w,-0.116504070495324,1,0.733616742660013,1,Male,
Citrate+Isocitrate,TCA cycle,SKM-GN,female,1w,-0.154973965419621,1,0.261907839396831,1,Female,
Citrate+Isocitrate,TCA cycle,SKM-GN,female,2w,-0.11743491417837,1,0.392452607119935,1,Female,
Citrate+Isocitrate,TCA cycle,SKM-GN,female,4w,-0.105741974617375,1,0.440585446426623,1,Female,
Citrate+Isocitrate,TCA cycle,SKM-GN,female,8w,-0.020859836167233,1,0.878312483038395,1,Female,
Citrate+Isocitrate,TCA cycle,SKM-GN,male,1w,-0.0503944242210927,1,0.757058444908832,1,Male,
Citrate+Isocitrate,TCA cycle,SKM-GN,male,2w,0.100394161547177,1,0.53897261808806,1,Male,
Citrate+Isocitrate,TCA cycle,SKM-GN,male,4w,0.147730804775809,1,0.368247672551812,1,Male,
Citrate+Isocitrate,TCA cycle,SKM-GN,male,8w,0.329984292614402,1,0.0518466898449745,1,Male,
Citrate+Isocitrate,TCA cycle,WAT-SC,female,1w,-0.218888393321835,1,0.383610600459818,1,Female,
Citrate+Isocitrate,TCA cycle,WAT-SC,female,2w,0.123275322971838,1,0.621784059052182,1,Female,
Citrate+Isocitrate,TCA cycle,WAT-SC,female,4w,-0.0277793076571253,1,0.911272267154387,1,Female,
Citrate+Isocitrate,TCA cycle,WAT-SC,female,8w,0.0529330693697248,1,0.831901163614248,1,Female,
Citrate+Isocitrate,TCA cycle,WAT-SC,male,1w,0.0829307716910728,1,0.731279465597476,1,Male,
Citrate+Isocitrate,TCA cycle,WAT-SC,male,2w,0.207006515487548,1,0.394500599754034,1,Male,
Citrate+Isocitrate,TCA cycle,WAT-SC,male,4w,-0.117059563913215,1,0.628293342109487,1,Male,
Citrate+Isocitrate,TCA cycle,WAT-SC,male,8w,0.157766357401784,1,0.514972123132883,1,Male,
FAD,NAD redox,BAT,female,1w,-0.750390536730404,0.604883425969717,0.00113418058510064,1,Female,
FAD,NAD redox,BAT,female,2w,-0.786690719026677,0.476133879142262,7.38600274764189e-4,1,Female,
FAD,NAD redox,BAT,female,4w,-0.671786901336747,0.981251940821362,0.00285466221530461,1,Female,
FAD,NAD redox,BAT,female,8w,-1.01364300582923,0.155156439888916,8.60220317075949e-5,1,Female,
FAD,NAD redox,BAT,male,1w,-0.423172700120064,1,0.098861817511873007,1,Male,
FAD,NAD redox,BAT,male,2w,-0.0317522920129543,1,0.89803499289785,1,Male,
FAD,NAD redox,BAT,male,4w,-0.0457534697632385,1,0.853536180799934,1,Male,
FAD,NAD redox,BAT,male,8w,-0.459999259465322,1,0.118886589404532,1,Male,
FAD,NAD redox,HEART,female,1w,0.344534260726209,1,0.0600598112156691,1,Female,
FAD,NAD redox,HEART,female,2w,0.143117219121633,1,0.42053816188548,1,Female,
FAD,NAD redox,HEART,female,4w,0.499476488913242,1,0.00859319961299706,1,Female,
FAD,NAD redox,HEART,female,8w,0.113175379369998,1,0.523089230951223,1,Female,
FAD,NAD redox,HEART,male,1w,0.271302413877273,1,0.0834082356449606,1,Male,
FAD,NAD redox,HEART,male,2w,0.0829792306694979,1,0.585726051879642,1,Male,
FAD,NAD redox,HEART,male,4w,0.505895750765857,0.928311610275145,0.00254570979362978,1,Male,
FAD,NAD redox,HEART,male,8w,0.178417525937917,1,0.246481261729421,1,Male,
FAD,NAD redox,HIPPOC,female,1w,-0.269548404753733,1,0.224810791822106,1,Female,
FAD,NAD redox,HIPPOC,female,2w,-0.144572968486772,1,0.509694187826858,1,Female,
FAD,NAD redox,HIPPOC,female,4w,-0.10190586719402,1,0.660344782388242,1,Female,
FAD,NAD redox,HIPPOC,female,8w,-0.213791223084307,1,0.332528543927672,1,Female,
FAD,NAD redox,HIPPOC,male,1w,0.212680641550946,1,0.378894713425232,1,Male,
FAD,NAD redox,HIPPOC,male,2w,0.16450292088947,1,0.494585547464704,1,Male,
FAD,NAD redox,HIPPOC,male,4w,0.0331257194744634,1,0.890040311696742,1,Male,
FAD,NAD redox,HIPPOC,male,8w,0.0532786240272765,1,0.824091558038756,1,Male,
FAD,NAD redox,KIDNEY,female,1w,0.160167370426465,1,0.676686903156117,1,Female,
FAD,NAD redox,KIDNEY,female,2w,-0.217604801562074,1,0.571654979122343,1,Female,
FAD,NAD redox,KIDNEY,female,4w,-0.181016500081935,1,0.63762655504949906,1,Female,
FAD,NAD redox,KIDNEY,female,8w,-0.4172919910849,1,0.282501200741155,1,Female,
FAD,NAD redox,KIDNEY,male,1w,-0.113763720101425,1,0.679465765104985,1,Male,
FAD,NAD redox,KIDNEY,male,2w,0.0861115737169129,1,0.754271001698112,1,Male,
FAD,NAD redox,KIDNEY,male,4w,-0.290020794602512,1,0.297123272651617,1,Male,
FAD,NAD redox,KIDNEY,male,8w,-0.173548694701779,1,0.529509326063985,1,Male,
FAD,NAD redox,LIVER,female,1w,-0.104331977751321,1,0.420964901633989,1,Female,
FAD,NAD redox,LIVER,female,2w,-0.13764706774488,1,0.29093979022029,1,Female,
FAD,NAD redox,LIVER,female,4w,-0.206668229063928,1,0.118368135193984,1,Female,
FAD,NAD redox,LIVER,female,8w,-0.286333473999054,1,0.0345845881621519,1,Female,
FAD,NAD redox,LIVER,male,1w,-0.187170902931514,1,0.260608375489653,1,Male,
FAD,NAD redox,LIVER,male,2w,-0.295061840307679,1,0.0821214272576749,1,Male,
FAD,NAD redox,LIVER,male,4w,-0.202187059486614,1,0.225353862762206,1,Male,
FAD,NAD redox,LIVER,male,8w,-0.510359168569317,1,0.00455543242196219,1,Male,
FAD,NAD redox,LUNG,female,1w,0.0570323622982687,1,0.552101180825597,1,Female,
FAD,NAD redox,LUNG,female,2w,-0.0501703345596165,1,0.600588972885337,1,Female,
FAD,NAD redox,LUNG,female,4w,-0.300516179677549,1,0.00430794175266843,1,Female,
FAD,NAD redox,LUNG,female,8w,-0.211034812812623,1,0.0359205338361073,1,Female,
FAD,NAD redox,LUNG,male,1w,-0.0661861531679164,1,0.527681597740018,1,Male,
FAD,NAD redox,LUNG,male,2w,-0.156068024595041,1,0.144462548744424,1,Male,
FAD,NAD redox,LUNG,male,4w,-0.0321914076928516,1,0.757888040417899,1,Male,
FAD,NAD redox,LUNG,male,8w,-0.102439276705947,1,0.33139817393534,1,Male,
FAD,NAD redox,SKM-GN,female,1w,0.179634967185216,1,0.258292661359364,1,Female,
FAD,NAD redox,SKM-GN,female,2w,0.470450901835408,1,0.00589231216882108,1,Female,
FAD,NAD redox,SKM-GN,female,4w,0.557739116848465,0.705717241653686,0.00152140258094246,1,Female,
FAD,NAD redox,SKM-GN,female,8w,0.2085720338062,1,0.191475272950049,1,Female,
FAD,NAD redox,SKM-GN,male,1w,0.256820091224965,1,0.171548969603798,1,Male,
FAD,NAD redox,SKM-GN,male,2w,0.3750000866092,1,0.0507664957596985,1,Male,
FAD,NAD redox,SKM-GN,male,4w,0.646152542072992,0.746643075042733,0.00168859863550308,1,Male,
FAD,NAD redox,SKM-GN,male,8w,0.501383249429739,1,0.0112295945177278,1,Male,
FAD,NAD redox,WAT-SC,female,1w,-0.058991302429154,1,0.786960415912935,1,Female,
FAD,NAD redox,WAT-SC,female,2w,0.307754933895313,1,0.166626896318641,1,Female,
FAD,NAD redox,WAT-SC,female,4w,0.1710996873147,1,0.435669669819438,1,Female,
FAD,NAD redox,WAT-SC,female,8w,0.378203735007357,1,0.0923095417519935,1,Female,
FAD,NAD redox,WAT-SC,male,1w,-0.143603803776411,1,0.417309575410614,1,Male,
FAD,NAD redox,WAT-SC,male,2w,-0.0868499104349356,1,0.622150479352892,1,Male,
FAD,NAD redox,WAT-SC,male,4w,0.0355514334406648,1,0.839777856962832,1,Male,
FAD,NAD redox,WAT-SC,male,8w,0.27622152825032,1,0.125761790230327,1,Male,
Fumarate,TCA cycle,BAT,female,1w,-0.177620604131429,1,0.599259801376183,1,Female,
Fumarate,TCA cycle,BAT,female,2w,-0.390880791570294,1,0.140467219172619,2,Female,
Fumarate,TCA cycle,BAT,female,4w,-0.09509595360211011,1,0.655708484370552,2,Female,
Fumarate,TCA cycle,BAT,female,8w,-0.414364982545733,1,0.0757886992965525,2,Female,
Fumarate,TCA cycle,BAT,male,1w,-0.1394684033547655,1,0.00844834212442635,2,Male,
Fumarate,TCA cycle,BAT,male,2w,-0.35624561153242595,1,0.0373033844368862,2,Male,
Fumarate,TCA cycle,BAT,male,4w,0.131100375291766,1,0.00786581578420178,2,Male,
Fumarate,TCA cycle,BAT,male,8w,-0.456351099238551,1,0.147553593207366,1,Male,
Fumarate,TCA cycle,HEART,female,1w,-0.1009956354139095,1,0.305323697477761,2,Female,
Fumarate,TCA cycle,HEART,female,2w,0.01329463948266876,1,0.937042570088534,2,Female,
Fumarate,TCA cycle,HEART,female,4w,-0.7310548790942535,1,0.00357614786097373,2,Female,
Fumarate,TCA cycle,HEART,female,8w,-0.12960653993042448,1,0.605423289773033,2,Female,
Fumarate,TCA cycle,HEART,male,1w,-0.21270511677337,1,0.259155624034165,2,Male,
Fumarate,TCA cycle,HEART,male,2w,-0.012651726638613997,1,0.18824738150846199,2,Male,
Fumarate,TCA cycle,HEART,male,4w,-0.17701509568503,1,0.161636659716518,2,Male,
Fumarate,TCA cycle,HEART,male,8w,-0.003590484047295499,1,0.586517967965947,2,Male,
Fumarate,TCA cycle,HIPPOC,female,1w,-0.171197278078321,1,0.375838705113327,1,Female,
Fumarate,TCA cycle,HIPPOC,female,2w,-0.089069153579805,1,0.642098166846695,1,Female,
Fumarate,TCA cycle,HIPPOC,female,4w,0.140136881723624,1,0.42888174920455,1,Female,
Fumarate,TCA cycle,HIPPOC,female,8w,0.0570835578885243,1,0.730503965154276,1,Female,
Fumarate,TCA cycle,HIPPOC,male,1w,-0.0968759210578643,1,0.779344348750106,1,Male,
Fumarate,TCA cycle,HIPPOC,male,2w,0.212724078210776,1,0.539691514789262,1,Male,
Fumarate,TCA cycle,HIPPOC,male,4w,-0.456029121903797,1,0.194779025973081,1,Male,
Fumarate,TCA cycle,HIPPOC,male,8w,-0.106523119677026,1,0.758066589816114,1,Male,
Fumarate,TCA cycle,KIDNEY,female,1w,-0.200758133685595,1,0.128780894293163,2,Female,
Fumarate,TCA cycle,KIDNEY,female,2w,-0.2410367614829485,1,0.135481964745565,2,Female,
Fumarate,TCA cycle,KIDNEY,female,4w,-0.1911354646332805,1,0.181800634885968,2,Female,
Fumarate,TCA cycle,KIDNEY,female,8w,-0.1551753440627665,1,0.360535338452788,2,Female,
Fumarate,TCA cycle,KIDNEY,male,1w,-0.1609435771737305,1,0.28290844188623,2,Male,
Fumarate,TCA cycle,KIDNEY,male,2w,-0.02182790572821075,1,0.885521924738054,2,Male,
Fumarate,TCA cycle,KIDNEY,male,4w,-0.153412228386891,1,0.319879503129858,2,Male,
Fumarate,TCA cycle,KIDNEY,male,8w,-0.2813652494581051,1,0.028345433340952,2,Male,
Fumarate,TCA cycle,LIVER,female,1w,-0.11940901930530384,1,0.237799376882887,2,Female,
Fumarate,TCA cycle,LIVER,female,2w,-0.24913390227069776,1,0.0266785312204533,2,Female,
Fumarate,TCA cycle,LIVER,female,4w,-0.21115657169584426,1,0.0179979938840232,2,Female,
Fumarate,TCA cycle,LIVER,female,8w,-0.27116264180801253,1,0.0333883087956897,2,Female,
Fumarate,TCA cycle,LIVER,male,1w,-0.009245944655360994,1,0.365417401067568,2,Male,
Fumarate,TCA cycle,LIVER,male,2w,0.3546205412769745,1,0.0647520584136378,2,Male,
Fumarate,TCA cycle,LIVER,male,4w,0.19652399789339098,1,0.225482871319231,2,Male,
Fumarate,TCA cycle,LIVER,male,8w,0.3175290583503333,1,0.0226523271161437,2,Male,
Fumarate,TCA cycle,LUNG,female,1w,-0.012368714230908198,1,0.373007791129207,2,Female,
Fumarate,TCA cycle,LUNG,female,2w,-0.1689311064737956,1,0.205251414747534,2,Female,
Fumarate,TCA cycle,LUNG,female,4w,-0.027854084390996903,1,0.384571827184412,2,Female,
Fumarate,TCA cycle,LUNG,female,8w,-0.025790059146032995,1,0.27135377154595,2,Female,
Fumarate,TCA cycle,LUNG,male,1w,-0.16217649586196348,1,0.256686882060473,2,Male,
Fumarate,TCA cycle,LUNG,male,2w,-0.1455424561981573,1,0.0716166467486277,2,Male,
Fumarate,TCA cycle,LUNG,male,4w,-0.19146586208154154,1,0.10961542342695,2,Male,
Fumarate,TCA cycle,LUNG,male,8w,-0.03794820280276073,1,0.673517160718676,2,Male,
Fumarate,TCA cycle,NA,female,1w,-0.894718314877185,0.939016104174496,0.00260160789773621,2,Female,
Fumarate,TCA cycle,NA,female,2w,-0.5451985605341401,1,0.0311179841435907,2,Female,
Fumarate,TCA cycle,NA,female,4w,-0.9475349160166535,0.929990056065068,0.00255529850806275,2,Female,
Fumarate,TCA cycle,NA,female,8w,-0.6662467527387645,1,0.00409126333453483,2,Female,
Fumarate,TCA cycle,NA,male,1w,-0.7126904346375524,1,0.00512998808470459,2,Male,
Fumarate,TCA cycle,NA,male,2w,-0.4559528708708495,1,0.0500827178478376,2,Male,
Fumarate,TCA cycle,NA,male,4w,-0.65957381420697,0.35545010878086,4.33611939959601e-4,2,Male,
Fumarate,TCA cycle,NA,male,8w,-0.6463571581877675,0.6719821416536,0.00137517213618005,2,Male,
Fumarate,TCA cycle,SKM-GN,female,1w,-0.23765396845834177,1,0.0351124346272817,2,Female,
Fumarate,TCA cycle,SKM-GN,female,2w,-0.3071907461919282,1,0.0165885906240468,2,Female,
Fumarate,TCA cycle,SKM-GN,female,4w,-0.21240134079393566,1,0.02783214032171,2,Female,
Fumarate,TCA cycle,SKM-GN,female,8w,0.13055081321690412,1,0.22835079763558,2,Female,
Fumarate,TCA cycle,SKM-GN,male,1w,-0.3352436318195681,0.959275856823323,0.00272193393189167,2,Male,
Fumarate,TCA cycle,SKM-GN,male,2w,-0.1537994072601976,1,0.065649135252874,2,Male,
Fumarate,TCA cycle,SKM-GN,male,4w,0.05850507184599116,1,0.447027307346144,2,Male,
Fumarate,TCA cycle,SKM-GN,male,8w,0.17136397109453405,1,0.090454624864912,2,Male,
Fumarate,TCA cycle,WAT-SC,female,1w,0.11897392954479602,1,0.143220437607227,2,Female,
Fumarate,TCA cycle,WAT-SC,female,2w,0.63840739232893,1,0.0147031179800377,2,Female,
Fumarate,TCA cycle,WAT-SC,female,4w,0.04418206486869635,1,0.858456536543439,2,Female,
Fumarate,TCA cycle,WAT-SC,female,8w,0.3701046066709895,1,0.17374989999649,2,Female,
Fumarate,TCA cycle,WAT-SC,male,1w,-0.2013695221773435,1,0.23923718744766,2,Male,
Fumarate,TCA cycle,WAT-SC,male,2w,-0.05896984541168505,1,0.737552694421969,2,Male,
Fumarate,TCA cycle,WAT-SC,male,4w,-0.6637333977688574,1,0.0116339629283424,2,Male,
Fumarate,TCA cycle,WAT-SC,male,8w,0.6104228073314065,1,0.125047795728443,2,Male,
Glucose,Glycolysis,BAT,female,1w,-0.07436892148075014,1,0.46854824183894,2,Female,
Glucose,Glycolysis,BAT,female,2w,-0.1315772139772743,1,0.527859437638722,2,Female,
Glucose,Glycolysis,BAT,female,4w,-0.277188780065655,1,0.260804747685913,2,Female,
Glucose,Glycolysis,BAT,female,8w,0.2797418269405465,1,0.110656122215239,2,Female,
Glucose,Glycolysis,BAT,male,1w,-0.215903511159594,1,0.198167315461585,2,Male,
Glucose,Glycolysis,BAT,male,2w,-0.2163446371611904,1,0.301784538786839,2,Male,
Glucose,Glycolysis,BAT,male,4w,-0.03506048408394999,1,0.409235114503314,2,Male,
Glucose,Glycolysis,BAT,male,8w,0.62175626573444,1,0.00897419675821932,2,Male,
Glucose,Glycolysis,HEART,female,1w,-0.175616509769696,1,0.234979222737271,2,Female,
Glucose,Glycolysis,HEART,female,2w,-0.3976273881159632,1,0.00546737719071025,2,Female,
Glucose,Glycolysis,HEART,female,4w,-0.2315253470943286,1,0.111378338823603,2,Female,
Glucose,Glycolysis,HEART,female,8w,-0.019535470047177504,1,0.519268225115527,2,Female,
Glucose,Glycolysis,HEART,male,1w,-0.256974863699229,1,0.0639022165845818,2,Male,
Glucose,Glycolysis,HEART,male,2w,-0.3927213200070645,1,0.0523890067488246,2,Male,
Glucose,Glycolysis,HEART,male,4w,-0.16292338289060398,1,0.377512329670051,2,Male,
Glucose,Glycolysis,HEART,male,8w,0.008995559363685492,1,0.447867384941289,2,Male,
Glucose,Glycolysis,HIPPOC,female,1w,-0.0327230352569208,1,0.773832572680049,1,Female,
Glucose,Glycolysis,HIPPOC,female,2w,0.0251559687734417,1,0.825090971729351,1,Female,
Glucose,Glycolysis,HIPPOC,female,4w,-0.128532326368032,1,0.293129085864653,1,Female,
Glucose,Glycolysis,HIPPOC,female,8w,-0.0700978558018699,1,0.539589045596808,1,Female,
Glucose,Glycolysis,HIPPOC,male,1w,-0.0638246061357268,1,0.527643384688081,1,Male,
Glucose,Glycolysis,HIPPOC,male,2w,-0.225238035972177,1,0.0336094925265343,1,Male,
Glucose,Glycolysis,HIPPOC,male,4w,-0.184482625397369,1,0.0769200383494989,1,Male,
Glucose,Glycolysis,HIPPOC,male,8w,0.126534134229939,1,0.216451663519403,1,Male,
Glucose,Glycolysis,KIDNEY,female,1w,0.213807607392337,1,0.348571781826246,2,Female,
Glucose,Glycolysis,KIDNEY,female,2w,-0.10690405086477,1,0.619583451136379,2,Female,
Glucose,Glycolysis,KIDNEY,female,4w,-0.0650025329991605,1,0.130139234417626,2,Female,
Glucose,Glycolysis,KIDNEY,female,8w,0.11382453888599099,1,0.286096861828943,2,Female,
Glucose,Glycolysis,KIDNEY,male,1w,0.2384714974352875,1,0.0223817670052937,2,Male,
Glucose,Glycolysis,KIDNEY,male,2w,-0.0097527215604196,1,0.781601265498435,2,Male,
Glucose,Glycolysis,KIDNEY,male,4w,0.20461015428687201,1,0.122962663744119,2,Male,
Glucose,Glycolysis,KIDNEY,male,8w,0.280855449046789,1,0.0551553344438872,2,Male,
Glucose,Glycolysis,LIVER,female,1w,0.22479953929374602,1,0.323080082844204,2,Female,
Glucose,Glycolysis,LIVER,female,2w,0.309697275048027,1,0.213147481980532,2,Female,
Glucose,Glycolysis,LIVER,female,4w,0.21601229763058105,1,0.129612595821288,2,Female,
Glucose,Glycolysis,LIVER,female,8w,0.1955588709489541,1,0.294977418314037,2,Female,
Glucose,Glycolysis,LIVER,male,1w,-0.21252427693247206,1,0.173248647102257,2,Male,
Glucose,Glycolysis,LIVER,male,2w,-0.2887912922073985,1,0.145872426759024,2,Male,
Glucose,Glycolysis,LIVER,male,4w,0.0501883458995177,1,0.7485209873223,2,Male,
Glucose,Glycolysis,LIVER,male,8w,-0.18218364641710416,1,0.159495769503164,2,Male,
Glucose,Glycolysis,LUNG,female,1w,-0.20597373970958252,1,0.249293318384784,2,Female,
Glucose,Glycolysis,LUNG,female,2w,0.5591283678007775,1,0.185210740094641,2,Female,
Glucose,Glycolysis,LUNG,female,4w,0.25735140969167947,1,0.0604157984772021,2,Female,
Glucose,Glycolysis,LUNG,female,8w,0.6917034820833895,1,0.0409682684672603,2,Female,
Glucose,Glycolysis,LUNG,male,1w,-0.028429702957224405,1,0.516629540892475,2,Male,
Glucose,Glycolysis,LUNG,male,2w,-0.410134801900308,1,0.311536139268381,2,Male,
Glucose,Glycolysis,LUNG,male,4w,0.3738905370330305,1,0.0430300485725499,2,Male,
Glucose,Glycolysis,LUNG,male,8w,-0.12999358560959767,1,0.486646195765551,2,Male,
Glucose,Glycolysis,NA,female,1w,0.22342036675642102,1,0.178430609394563,2,Female,
Glucose,Glycolysis,NA,female,2w,0.258594403974846,1,0.020342189990246302,2,Female,
Glucose,Glycolysis,NA,female,4w,0.399024881608976,1,0.0083153109701796,2,Female,
Glucose,Glycolysis,NA,female,8w,0.1722971583216914,1,0.25302622389415,2,Female,
Glucose,Glycolysis,NA,male,1w,-0.1002166429118609,1,0.31162565613883,2,Male,
Glucose,Glycolysis,NA,male,2w,0.08073199798369195,1,0.640565869008399,2,Male,
Glucose,Glycolysis,NA,male,4w,-0.1523392169869015,1,0.308665873382368,2,Male,
Glucose,Glycolysis,NA,male,8w,-0.2765329217802045,1,0.00903141464560525,2,Male,
Glucose,Glycolysis,SKM-GN,female,1w,-0.153254764347754,1,0.0764680873214742,2,Female,
Glucose,Glycolysis,SKM-GN,female,2w,-0.140744793497163,1,0.202484035140792,2,Female,
Glucose,Glycolysis,SKM-GN,female,4w,0.08283141419094875,1,0.475147456872739,2,Female,
Glucose,Glycolysis,SKM-GN,female,8w,-0.1408452030233231,1,0.0935623041291803,2,Female,
Glucose,Glycolysis,SKM-GN,male,1w,0.058323654768439204,1,0.476080332583906,2,Male,
Glucose,Glycolysis,SKM-GN,male,2w,0.0976187748862475,1,0.38127272285719,2,Male,
Glucose,Glycolysis,SKM-GN,male,4w,0.192350334940538,1,0.240640946153942,2,Male,
Glucose,Glycolysis,SKM-GN,male,8w,0.15130022276124472,1,0.0256139288936042,2,Male,
Glucose,Glycolysis,WAT-SC,female,1w,-0.15033548619113463,1,0.376310218475555,2,Female,
Glucose,Glycolysis,WAT-SC,female,2w,0.15347411269771824,1,0.196746359896838,2,Female,
Glucose,Glycolysis,WAT-SC,female,4w,0.46735672927287397,1,0.0566950718585313,2,Female,
Glucose,Glycolysis,WAT-SC,female,8w,-0.040716014568840844,1,0.790736042905745,2,Female,
Glucose,Glycolysis,WAT-SC,male,1w,0.1348295656596127,1,0.578557676583133,2,Male,
Glucose,Glycolysis,WAT-SC,male,2w,-0.0825430616260153,1,0.620338632204172,2,Male,
Glucose,Glycolysis,WAT-SC,male,4w,0.058090225347929,1,0.523492829306428,2,Male,
Glucose,Glycolysis,WAT-SC,male,8w,-0.438877353736033,1,0.0268993100485997,2,Male,
Isocitrate,TCA cycle,BAT,female,2w,0.339673916648463,1,0.0610920007322887,1,Female,
Isocitrate,TCA cycle,BAT,female,4w,-0.0454429423126745,1,0.836739456494018,1,Female,
Isocitrate,TCA cycle,BAT,female,8w,-0.0860214153292662,1,0.624588083174372,1,Female,
Isocitrate,TCA cycle,BAT,male,1w,0.221774297018737,1,0.348660398060827,1,Male,
Isocitrate,TCA cycle,BAT,male,2w,-0.00436480487395752,1,0.98071677090861,1,Male,
Isocitrate,TCA cycle,BAT,male,4w,-0.0937498171105116,1,0.605291293542154,1,Male,
Isocitrate,TCA cycle,HEART,female,1w,0.907791134746486,0.951675062137744,0.00267141210635094,1,Female,
Isocitrate,TCA cycle,HEART,female,2w,0.904079240056407,0.965283073742315,0.00276485175048517,1,Female,
Isocitrate,TCA cycle,HEART,female,4w,0.922555332086353,0.882038332862148,0.00232897853662765,1,Female,
Isocitrate,TCA cycle,HEART,female,8w,0.170968924647467,1,0.539713207428144,1,Female,
Isocitrate,TCA cycle,HEART,male,1w,1.17783840355121,0.0776148751282169,2.73461636239524e-5,1,Male,
Isocitrate,TCA cycle,HEART,male,2w,1.25351715446274,0.0474796048300391,1.17972751738952e-5,1,Male,●
Isocitrate,TCA cycle,HEART,male,4w,0.664562952709112,1,0.0077319770658816,1,Male,
Isocitrate,TCA cycle,HEART,male,8w,-0.303945011047177,1,0.196690834967122,1,Male,
Isocitrate,TCA cycle,HIPPOC,female,1w,-0.0694025246481402,1,0.717011303833813,1,Female,
Isocitrate,TCA cycle,HIPPOC,female,2w,0.0210788218263769,1,0.912183764259909,1,Female,
Isocitrate,TCA cycle,HIPPOC,female,4w,0.00846126187563812,1,0.961555587161663,1,Female,
Isocitrate,TCA cycle,HIPPOC,female,8w,-0.00421206732941837,1,0.979695046808262,1,Female,
Isocitrate,TCA cycle,HIPPOC,male,1w,-0.288421571761247,1,0.287585680010978,1,Male,
Isocitrate,TCA cycle,HIPPOC,male,2w,-0.0394228518932214,1,0.883070641464224,1,Male,
Isocitrate,TCA cycle,HIPPOC,male,4w,-0.212284453213957,1,0.431292167959621,1,Male,
Isocitrate,TCA cycle,HIPPOC,male,8w,-0.17105385498001,1,0.525047841744353,1,Male,
Isocitrate,TCA cycle,KIDNEY,female,1w,-0.352535121716035,1,0.158651836268232,1,Female,
Isocitrate,TCA cycle,KIDNEY,female,2w,-0.275780054211361,1,0.2668960368293,1,Female,
Isocitrate,TCA cycle,KIDNEY,female,4w,-0.949654401137268,0.401381707619851,5.39203449356527e-4,1,Female,
Isocitrate,TCA cycle,KIDNEY,female,8w,-0.464441313600986,1,0.0666492971657026,1,Female,
Isocitrate,TCA cycle,KIDNEY,male,1w,-0.169601071626721,1,0.346982702859449,1,Male,
Isocitrate,TCA cycle,KIDNEY,male,2w,-0.131864316555914,1,0.463059099100645,1,Male,
Isocitrate,TCA cycle,KIDNEY,male,4w,0.0964296080559821,1,0.590573750522678,1,Male,
Isocitrate,TCA cycle,KIDNEY,male,8w,0.0164306752605237,1,0.926748828715851,1,Male,
Isocitrate,TCA cycle,LIVER,female,1w,1.02003165217069,0.0279527675099332,5.20021265256176e-6,1,Female,●
Isocitrate,TCA cycle,LIVER,female,2w,0.662454645366134,0.695219433880769,0.00148114447201962,1,Female,
Isocitrate,TCA cycle,LIVER,female,4w,0.704095436124623,0.497745752825886,7.99688132913274e-4,1,Female,
Isocitrate,TCA cycle,LIVER,female,8w,-0.302274600413426,1,0.127261332910959,1,Female,
Isocitrate,TCA cycle,LIVER,male,1w,0.911925248742356,0.204483453965072,1.47387871431383e-4,1,Male,
Isocitrate,TCA cycle,LIVER,male,2w,1.03546852963636,0.08100399533601,2.97992464437662e-5,1,Male,
Isocitrate,TCA cycle,LIVER,male,4w,0.110321204319308,1,0.597020693594902,1,Male,
Isocitrate,TCA cycle,LIVER,male,8w,-0.161064575955302,1,0.441561224313715,1,Male,
Isocitrate,TCA cycle,LUNG,female,1w,0.401273728678496,1,0.00725174485125392,1,Female,
Isocitrate,TCA cycle,LUNG,female,2w,0.20172933094891,1,0.151458845172407,1,Female,
Isocitrate,TCA cycle,LUNG,female,4w,0.188155472361351,1,0.179641096285282,1,Female,
Isocitrate,TCA cycle,LUNG,female,8w,0.136936039520343,1,0.324160359199962,1,Female,
Isocitrate,TCA cycle,LUNG,male,1w,0.235052968362696,1,0.0972268056654403,1,Male,
Isocitrate,TCA cycle,LUNG,male,2w,0.0972045131654236,1,0.482177070373277,1,Male,
Isocitrate,TCA cycle,LUNG,male,4w,-0.249344149149595,1,0.0795869432978503,1,Male,
Isocitrate,TCA cycle,LUNG,male,8w,-0.0828802145692666,1,0.548439637508254,1,Male,
Isocitrate,TCA cycle,NA,female,1w,-0.207396332308378,1,0.343043078473785,1,Female,
Isocitrate,TCA cycle,NA,female,2w,0.0809639542716285,1,0.709043285630885,1,Female,
Isocitrate,TCA cycle,NA,female,4w,-0.449958782650115,1,0.0465298633891176,1,Female,
Isocitrate,TCA cycle,NA,female,8w,-0.355731239013813,1,0.110080075122769,1,Female,
Isocitrate,TCA cycle,NA,male,1w,-0.139684689983005,1,0.515402172758767,1,Male,
Isocitrate,TCA cycle,NA,male,2w,-0.151370609777852,1,0.481240191268232,1,Male,
Isocitrate,TCA cycle,NA,male,4w,0.176113244095022,1,0.413413268335986,1,Male,
Isocitrate,TCA cycle,NA,male,8w,-0.434967216497071,1,0.0509634185163635,1,Male,
Isocitrate,TCA cycle,SKM-GN,female,1w,-0.254926228946347,1,0.100406028485683,1,Female,
Isocitrate,TCA cycle,SKM-GN,female,2w,-0.282457015610181,1,0.0702688344560883,1,Female,
Isocitrate,TCA cycle,SKM-GN,female,4w,-0.34888735826548,1,0.0276682395176694,1,Female,
Isocitrate,TCA cycle,SKM-GN,female,8w,0.310791048550172,1,0.0477710291209524,1,Female,
Isocitrate,TCA cycle,SKM-GN,male,1w,-0.354823404374026,1,0.0202398324693065,1,Male,
Isocitrate,TCA cycle,SKM-GN,male,2w,-0.177700875067799,1,0.228753410893804,1,Male,
Isocitrate,TCA cycle,SKM-GN,male,4w,0.144678801182961,1,0.32512212555071,1,Male,
Isocitrate,TCA cycle,SKM-GN,male,8w,0.277835587288487,1,0.0643414380715024,1,Male,
Isocitrate,TCA cycle,WAT-SC,female,1w,0.387506305016415,1,0.123931746150647,1,Female,
Isocitrate,TCA cycle,WAT-SC,female,2w,0.679980431198217,1,0.00740809940464956,1,Female,
Isocitrate,TCA cycle,WAT-SC,female,4w,0.143648219657875,1,0.558738898872649,1,Female,
Isocitrate,TCA cycle,WAT-SC,female,8w,0.319203482591123,1,0.235121600230443,1,Female,
Isocitrate,TCA cycle,WAT-SC,male,1w,0.106817176582887,1,0.695814296907717,1,Male,
Isocitrate,TCA cycle,WAT-SC,male,2w,0.150182857616667,1,0.583050264690536,1,Male,
Isocitrate,TCA cycle,WAT-SC,male,4w,-0.366934783625339,1,0.185885107824814,1,Male,
Isocitrate,TCA cycle,WAT-SC,male,8w,0.151519520270347,1,0.601469935458921,1,Male,
Lactate,Lactate/Pyruvate,BAT,female,1w,-0.07361480651683384,1,0.700049464237529,2,Female,
Lactate,Lactate/Pyruvate,BAT,female,2w,0.011030176642515007,1,0.0874940979894688,3,Female,
Lactate,Lactate/Pyruvate,BAT,female,4w,-0.4993496691612177,1,0.0703338532154694,3,Female,
Lactate,Lactate/Pyruvate,BAT,female,8w,0.09128449926559401,1,0.0603225366282988,3,Female,
Lactate,Lactate/Pyruvate,BAT,male,1w,0.5319814639674487,1,0.00754261711162611,3,Male,
Lactate,Lactate/Pyruvate,BAT,male,2w,-0.27692559279976664,1,0.0466017320702729,3,Male,
Lactate,Lactate/Pyruvate,BAT,male,4w,-0.21521524821806803,1,0.164275327176095,3,Male,
Lactate,Lactate/Pyruvate,BAT,male,8w,-0.7572337436523745,0.86557061175705,0.00225038308499785,2,Male,
Lactate,Lactate/Pyruvate,HEART,female,1w,-1.0340755931838916,0.99561462775504594,0.00292340047891297,3,Female,
Lactate,Lactate/Pyruvate,HEART,female,2w,-1.092060007976255,1,0.00479574911316046,3,Female,
Lactate,Lactate/Pyruvate,HEART,female,4w,-0.5700632940657571,1,0.111994635060434,3,Female,
Lactate,Lactate/Pyruvate,HEART,female,8w,0.0202793569919339,1,0.746039955504246,3,Female,
Lactate,Lactate/Pyruvate,HEART,male,1w,-0.50553406042329,1,0.00872278191008281,3,Male,
Lactate,Lactate/Pyruvate,HEART,male,2w,-0.7592593487221957,0.5924165772027,0.00109225795465476,3,Male,
Lactate,Lactate/Pyruvate,HEART,male,4w,-0.4330579192969433,1,0.00633971534162267,3,Male,
Lactate,Lactate/Pyruvate,HEART,male,8w,0.013475467118644502,1,0.878920280946801,3,Male,
Lactate,Lactate/Pyruvate,HIPPOC,female,1w,-0.3978120228492212,1,0.0316746485311426,3,Female,
Lactate,Lactate/Pyruvate,HIPPOC,female,2w,-0.23699961449257465,1,0.0154906713706629,3,Female,
Lactate,Lactate/Pyruvate,HIPPOC,female,4w,-0.14425945634510814,1,0.118134122516705,3,Female,
Lactate,Lactate/Pyruvate,HIPPOC,female,8w,0.14103349269619622,1,0.118929629415081,3,Female,
Lactate,Lactate/Pyruvate,HIPPOC,male,1w,0.11188149744415367,1,0.0717604250893666,3,Male,
Lactate,Lactate/Pyruvate,HIPPOC,male,2w,0.13565599029927813,1,0.0418783526131909,3,Male,
Lactate,Lactate/Pyruvate,HIPPOC,male,4w,0.03640665374282067,1,0.0899120837977093,3,Male,
Lactate,Lactate/Pyruvate,HIPPOC,male,8w,0.07418323345581833,1,0.355500753207396,3,Male,
Lactate,Lactate/Pyruvate,KIDNEY,female,1w,0.025471238978498054,1,0.154229470264596,3,Female,
Lactate,Lactate/Pyruvate,KIDNEY,female,2w,-0.10441372298886643,1,0.251936222517838,3,Female,
Lactate,Lactate/Pyruvate,KIDNEY,female,4w,-0.14003072136902747,1,0.35932928548959,3,Female,
Lactate,Lactate/Pyruvate,KIDNEY,female,8w,0.021747271255804602,1,0.868737509958201,3,Female,
Lactate,Lactate/Pyruvate,KIDNEY,male,1w,0.1350703348153104,1,0.074342367480727,3,Male,
Lactate,Lactate/Pyruvate,KIDNEY,male,2w,-0.05844783668596347,1,0.581170895656386,3,Male,
Lactate,Lactate/Pyruvate,KIDNEY,male,4w,-0.10383559204898639,1,0.482434455469761,3,Male,
Lactate,Lactate/Pyruvate,KIDNEY,male,8w,0.1474454912502074,1,0.23505899780799,3,Male,
Lactate,Lactate/Pyruvate,LIVER,female,1w,0.376546512707235,1,0.100729785512358,3,Female,
Lactate,Lactate/Pyruvate,LIVER,female,2w,0.09687519400365988,1,0.606401501515416,3,Female,
Lactate,Lactate/Pyruvate,LIVER,female,4w,0.47395281574015435,1,0.0294464726491651,3,Female,
Lactate,Lactate/Pyruvate,LIVER,female,8w,0.47770606511947966,1,0.0674131147762357,3,Female,
Lactate,Lactate/Pyruvate,LIVER,male,1w,-0.17900897608545208,1,0.335730801294642,3,Male,
Lactate,Lactate/Pyruvate,LIVER,male,2w,-0.144577277919219,1,0.127015730756925,3,Male,
Lactate,Lactate/Pyruvate,LIVER,male,4w,-0.20294087002988617,1,0.333788537597884,3,Male,
Lactate,Lactate/Pyruvate,LIVER,male,8w,-0.16128176232416866,1,0.207779953219783,3,Male,
Lactate,Lactate/Pyruvate,LUNG,female,1w,0.26591724761546287,1,0.134537949243546,3,Female,
Lactate,Lactate/Pyruvate,LUNG,female,2w,-0.060853413898618265,1,0.5737537594323,3,Female,
Lactate,Lactate/Pyruvate,LUNG,female,4w,0.11444388115162982,1,0.270367579549233,3,Female,
Lactate,Lactate/Pyruvate,LUNG,female,8w,0.0472484367445722,1,0.370282044220878,3,Female,
Lactate,Lactate/Pyruvate,LUNG,male,1w,-0.17501046056645533,1,0.12546684081732,3,Male,
Lactate,Lactate/Pyruvate,LUNG,male,2w,-0.03139691235399091,1,0.120126849679544,3,Male,
Lactate,Lactate/Pyruvate,LUNG,male,4w,-0.290891927408808,1,0.0346934811149168,3,Male,
Lactate,Lactate/Pyruvate,LUNG,male,8w,0.13059612928505943,1,0.407931242818538,3,Male,
Lactate,Lactate/Pyruvate,NA,female,1w,-0.3851917052030517,1,0.0340131542050095,3,Female,
Lactate,Lactate/Pyruvate,NA,female,2w,-0.15930482890673303,1,0.243995643855309,3,Female,
Lactate,Lactate/Pyruvate,NA,female,4w,-0.12575106588373483,1,0.0540134909937322,3,Female,
Lactate,Lactate/Pyruvate,NA,female,8w,-0.04793437138436755,1,0.750663090210833,3,Female,
Lactate,Lactate/Pyruvate,NA,male,1w,-0.20309417118956039,1,0.119034288068786,3,Male,
Lactate,Lactate/Pyruvate,NA,male,2w,-0.17063482441107314,1,0.0301706194122927,3,Male,
Lactate,Lactate/Pyruvate,NA,male,4w,-0.08365932390476657,1,0.198211913649112,3,Male,
Lactate,Lactate/Pyruvate,NA,male,8w,-0.13107320914564993,1,0.133899944132028,3,Male,
Lactate,Lactate/Pyruvate,SKM-GN,female,1w,-0.036032423472498666,1,0.208820138861349,3,Female,
Lactate,Lactate/Pyruvate,SKM-GN,female,2w,0.01688790456149397,1,0.211510948986593,3,Female,
Lactate,Lactate/Pyruvate,SKM-GN,female,4w,-0.2587065088639073,1,0.156852852314221,3,Female,
Lactate,Lactate/Pyruvate,SKM-GN,female,8w,0.32858768324376186,1,0.144487851278664,3,Female,
Lactate,Lactate/Pyruvate,SKM-GN,male,1w,0.3054050172099224,1,0.141046342147561,3,Male,
Lactate,Lactate/Pyruvate,SKM-GN,male,2w,-0.05599271753611187,1,0.324735854344147,3,Male,
Lactate,Lactate/Pyruvate,SKM-GN,male,4w,0.3682144932945863,1,0.057374761720208,3,Male,
Lactate,Lactate/Pyruvate,SKM-GN,male,8w,-0.07848638035905582,1,0.0573989214449938,3,Male,
Lactate,Lactate/Pyruvate,WAT-SC,female,1w,-0.013828896633018997,1,0.262094242299049,3,Female,
Lactate,Lactate/Pyruvate,WAT-SC,female,2w,-0.22445770898211298,1,0.118702986329157,3,Female,
Lactate,Lactate/Pyruvate,WAT-SC,female,4w,-0.35789719483490967,1,0.0473245646082552,3,Female,
Lactate,Lactate/Pyruvate,WAT-SC,female,8w,-0.01606140890484934,1,0.232647497352984,3,Female,
Lactate,Lactate/Pyruvate,WAT-SC,male,1w,0.19069555968806667,1,0.117868954602294,3,Male,
Lactate,Lactate/Pyruvate,WAT-SC,male,2w,-0.08749212742453397,1,0.413234059178808,3,Male,
Lactate,Lactate/Pyruvate,WAT-SC,male,4w,-0.1393413681707841,1,0.366471240463594,3,Male,
Lactate,Lactate/Pyruvate,WAT-SC,male,8w,0.119102375006685,1,0.282649837427002,3,Male,
Malate,TCA cycle,BAT,female,1w,0.3806690104434305,1,0.163818479961807,2,Female,
Malate,TCA cycle,BAT,female,2w,-0.0869416227284257,1,0.196923797516272,3,Female,
Malate,TCA cycle,BAT,female,4w,0.03462847878609736,1,0.22630911612388,3,Female,
Malate,TCA cycle,BAT,female,8w,0.030977774544105996,1,0.183733247272548,3,Female,
Malate,TCA cycle,BAT,male,1w,0.18086500170619332,1,0.102808164924539,3,Male,
Malate,TCA cycle,BAT,male,2w,-0.21340264327404498,1,0.287137665000122,3,Male,
Malate,TCA cycle,BAT,male,4w,0.3042756757596653,1,0.0189112245307892,3,Male,
Malate,TCA cycle,BAT,male,8w,-0.759729060887893,1,0.0273730021646865,2,Male,
Malate,TCA cycle,HEART,female,1w,-0.24324019151242068,1,0.0146857798795174,3,Female,
Malate,TCA cycle,HEART,female,2w,-0.19755321192414382,1,0.109719387757881,3,Female,
Malate,TCA cycle,HEART,female,4w,-0.5481329576250731,1,0.0102738977231046,3,Female,
Malate,TCA cycle,HEART,female,8w,-0.11781126048375201,1,0.317233923738794,3,Female,
Malate,TCA cycle,HEART,male,1w,-0.30713742459817167,1,0.0205218917013648,3,Male,
Malate,TCA cycle,HEART,male,2w,-0.1289059368192267,1,0.249877676568488,3,Male,
Malate,TCA cycle,HEART,male,4w,-0.28210230135443487,1,0.0302699970933683,3,Male,
Malate,TCA cycle,HEART,male,8w,-0.16504987012030004,1,0.0794303468216939,3,Male,
Malate,TCA cycle,HIPPOC,female,1w,-0.27038601697382053,1,0.0303377206434873,3,Female,
Malate,TCA cycle,HIPPOC,female,2w,-0.10905785160354496,1,0.535084542386898,3,Female,
Malate,TCA cycle,HIPPOC,female,4w,-0.04957611307577299,1,0.240153253980914,3,Female,
Malate,TCA cycle,HIPPOC,female,8w,0.19117935050872523,1,0.0957031591739751,3,Female,
Malate,TCA cycle,HIPPOC,male,1w,0.169913440245864,1,0.205314870064668,3,Male,
Malate,TCA cycle,HIPPOC,male,2w,0.1497937439947524,1,0.395334126560139,3,Male,
Malate,TCA cycle,HIPPOC,male,4w,0.07186454839290764,1,0.099468442185921,3,Male,
Malate,TCA cycle,HIPPOC,male,8w,0.023191395942965265,1,0.474827160834942,3,Male,
Malate,TCA cycle,KIDNEY,female,1w,0.136870571196427,1,0.299679628340559,3,Female,
Malate,TCA cycle,KIDNEY,female,2w,0.24271823022744501,1,0.0668204956003494,3,Female,
Malate,TCA cycle,KIDNEY,female,4w,-0.009814131482934233,1,0.709414006966976,3,Female,
Malate,TCA cycle,KIDNEY,female,8w,0.062012056821218735,1,0.437313188110517,3,Female,
Malate,TCA cycle,KIDNEY,male,1w,0.0889837083864913,1,0.0418435948124565,3,Male,
Malate,TCA cycle,KIDNEY,male,2w,-0.046180686092289334,1,0.0385500224802714,3,Male,
Malate,TCA cycle,KIDNEY,male,4w,0.016206915491947454,1,0.20856403571187,3,Male,
Malate,TCA cycle,KIDNEY,male,8w,-0.05895523939976767,1,0.270235985288062,3,Male,
Malate,TCA cycle,LIVER,female,1w,0.036580429694734996,1,0.322951333243899,3,Female,
Malate,TCA cycle,LIVER,female,2w,-0.029893860367658665,1,0.670044666376436,3,Female,
Malate,TCA cycle,LIVER,female,4w,-0.006763790845686568,1,0.451778472682577,3,Female,
Malate,TCA cycle,LIVER,female,8w,-0.08819423749893862,1,0.0856594126693724,3,Female,
Malate,TCA cycle,LIVER,male,1w,0.18932061812313805,1,0.0456254947023491,3,Male,
Malate,TCA cycle,LIVER,male,2w,0.443895459862226,1,0.0305244348536871,3,Male,
Malate,TCA cycle,LIVER,male,4w,0.3350930789940288,1,0.0417935756575861,3,Male,
Malate,TCA cycle,LIVER,male,8w,0.19001092066755693,1,0.071459319505973,3,Male,
Malate,TCA cycle,LUNG,female,1w,0.14919074418724088,0.870403130359352,0.00227237927937234,3,Female,
Malate,TCA cycle,LUNG,female,2w,0.014488621276883374,1,0.187632268149144,3,Female,
Malate,TCA cycle,LUNG,female,4w,0.12782439390017708,1,0.0446221342536226,3,Female,
Malate,TCA cycle,LUNG,female,8w,-0.030159642699094335,1,0.264933163705517,3,Female,
Malate,TCA cycle,LUNG,male,1w,0.11021564255953133,1,0.202630633435905,3,Male,
Malate,TCA cycle,LUNG,male,2w,0.13889005467590684,1,0.183300155599313,3,Male,
Malate,TCA cycle,LUNG,male,4w,-0.03328660221426169,1,0.14053225482895,3,Male,
Malate,TCA cycle,LUNG,male,8w,0.051099962272903574,1,0.405473840066582,3,Male,
Malate,TCA cycle,NA,female,1w,-0.439571749885533,1,0.00690558182382648,3,Female,
Malate,TCA cycle,NA,female,2w,-0.308156743829939,1,0.0475544388571108,3,Female,
Malate,TCA cycle,NA,female,4w,-0.34460555305111135,1,0.00464408263378759,3,Female,
Malate,TCA cycle,NA,female,8w,-0.0807047393629683,1,0.400301373689638,3,Female,
Malate,TCA cycle,NA,male,1w,-0.339052559637283,1,0.0484529619597156,3,Male,
Malate,TCA cycle,NA,male,2w,-0.26170265867355436,1,0.030568448339467,3,Male,
Malate,TCA cycle,NA,male,4w,-0.373016713301183,1,0.0168431578028867,3,Male,
Malate,TCA cycle,NA,male,8w,-0.16370532103901733,1,0.0429954070689309,3,Male,
Malate,TCA cycle,SKM-GN,female,1w,-0.3605446058906961,1,0.0101763653094782,3,Female,
Malate,TCA cycle,SKM-GN,female,2w,-0.13506990860924,1,0.0338570197752983,3,Female,
Malate,TCA cycle,SKM-GN,female,4w,-0.38319693495844565,1,0.0330700891903872,3,Female,
Malate,TCA cycle,SKM-GN,female,8w,-0.010856580129473398,1,0.685150177560542,3,Female,
Malate,TCA cycle,SKM-GN,male,1w,-0.040654690719996674,1,0.476700364503788,3,Male,
Malate,TCA cycle,SKM-GN,male,2w,-0.013913744973146014,1,0.0896746547560082,3,Male,
Malate,TCA cycle,SKM-GN,male,4w,0.11449901890554996,1,0.221287823905677,3,Male,
Malate,TCA cycle,SKM-GN,male,8w,0.08173104112575709,1,0.390347408185856,3,Male,
Malate,TCA cycle,WAT-SC,female,1w,-0.12228193405523488,1,0.347867326125914,3,Female,
Malate,TCA cycle,WAT-SC,female,2w,0.16395480634715956,1,0.148561634145453,3,Female,
Malate,TCA cycle,WAT-SC,female,4w,-0.13757545573147453,1,0.342285938610293,3,Female,
Malate,TCA cycle,WAT-SC,female,8w,0.32494776624407457,1,0.028749271265091,3,Female,
Malate,TCA cycle,WAT-SC,male,1w,-0.1917950334245737,1,0.235559443311916,3,Male,
Malate,TCA cycle,WAT-SC,male,2w,-0.1745926484550876,1,0.22627451000481,3,Male,
Malate,TCA cycle,WAT-SC,male,4w,-0.471094073173067,1,0.00939563504672017,3,Male,
Malate,TCA cycle,WAT-SC,male,8w,0.146684024424658,1,0.128196045505483,3,Male,
NAD+,NAD redox,BAT,female,1w,-0.170312808876023,1,0.65626811699441,1,Female,
NAD+,NAD redox,BAT,female,2w,-0.383827441144708,1,0.320730571748325,1,Female,
NAD+,NAD redox,BAT,female,4w,-1.11088448968525,1,0.00797027648031275,1,Female,
NAD+,NAD redox,BAT,female,8w,-1.12370451159118,1,0.00988825046657496,1,Female,
NAD+,NAD redox,BAT,male,1w,-0.569975229833557,1,0.0668582163670039,1,Male,
NAD+,NAD redox,BAT,male,2w,-0.171275947924758,1,0.567134755155166,1,Male,
NAD+,NAD redox,BAT,male,4w,-0.192101074310417,1,0.521401671862286,1,Male,
NAD+,NAD redox,BAT,male,8w,-0.734280776592087,1,0.0428514226677876,1,Male,
NAD+,NAD redox,HEART,female,1w,0.22529722050134998,1,0.107784795132654,2,Female,
NAD+,NAD redox,HEART,female,2w,0.2201265135558675,1,0.0599682973993592,2,Female,
NAD+,NAD redox,HEART,female,4w,0.09896046870018324,1,0.403094490525355,2,Female,
NAD+,NAD redox,HEART,female,8w,0.10189059878464679,1,0.493625141103278,2,Female,
NAD+,NAD redox,HEART,male,1w,0.179238241879989,1,0.15644275657919,2,Male,
NAD+,NAD redox,HEART,male,2w,0.2641798321721325,1,0.00648410790143486,2,Male,
NAD+,NAD redox,HEART,male,4w,0.2785317065820695,1,0.0746797455554188,2,Male,
NAD+,NAD redox,HEART,male,8w,0.2818745236575715,1,0.0177004131600229,2,Male,
NAD+,NAD redox,HIPPOC,female,1w,-0.405174566325648,1,0.0587506699028846,1,Female,
NAD+,NAD redox,HIPPOC,female,2w,-0.264566392251727,1,0.206053923617515,1,Female,
NAD+,NAD redox,HIPPOC,female,4w,-0.275440285398617,1,0.214226822046311,1,Female,
NAD+,NAD redox,HIPPOC,female,8w,-0.329285854132611,1,0.119251068678902,1,Female,
NAD+,NAD redox,HIPPOC,male,1w,0.38245736789011,1,0.143415110064644,1,Male,
NAD+,NAD redox,HIPPOC,male,2w,0.180647073812161,1,0.481147987355727,1,Male,
NAD+,NAD redox,HIPPOC,male,4w,0.149202366473905,1,0.559969223777676,1,Male,
NAD+,NAD redox,HIPPOC,male,8w,0.0602541113294812,1,0.813303751102658,1,Male,
NAD+,NAD redox,KIDNEY,female,1w,0.447590689805155,1,0.0417806330344585,1,Female,
NAD+,NAD redox,KIDNEY,female,2w,-0.0988963549656834,1,0.638435919973294,1,Female,
NAD+,NAD redox,KIDNEY,female,4w,0.0291565137881182,1,0.889577950377568,1,Female,
NAD+,NAD redox,KIDNEY,female,8w,-0.0318264771074066,1,0.879544995064869,1,Female,
NAD+,NAD redox,KIDNEY,male,1w,0.0756827853333863,1,0.587123916416035,1,Male,
NAD+,NAD redox,KIDNEY,male,2w,0.0966480531337677,1,0.488932918391028,1,Male,
NAD+,NAD redox,KIDNEY,male,4w,0.0838287998296403,1,0.547833747764103,1,Male,
NAD+,NAD redox,KIDNEY,male,8w,0.0879427675918896,1,0.52853035059327,1,Male,
NAD+,NAD redox,LIVER,female,1w,-0.060797649837095125,1,0.651124529876054,2,Female,
NAD+,NAD redox,LIVER,female,2w,-0.0236008729304866,1,0.813709444631197,2,Female,
NAD+,NAD redox,LIVER,female,4w,-0.35961079021832737,1,0.0112862129470675,2,Female,
NAD+,NAD redox,LIVER,female,8w,-0.18859808122433497,1,0.107983424430805,2,Female,
NAD+,NAD redox,LIVER,male,1w,-0.1532643762514317,1,0.138654101124124,2,Male,
NAD+,NAD redox,LIVER,male,2w,-0.4011263482556875,0.712657458745557,0.00154941084459213,2,Male,
NAD+,NAD redox,LIVER,male,4w,-0.21272204703721845,1,0.0472082175932005,2,Male,
NAD+,NAD redox,LIVER,male,8w,-0.21666532871214134,1,0.0482824054748195,2,Male,
NAD+,NAD redox,LUNG,female,1w,-0.0659634383378664,1,0.532258938886187,1,Female,
NAD+,NAD redox,LUNG,female,2w,-0.0462698792732485,1,0.660589077134296,1,Female,
NAD+,NAD redox,LUNG,female,4w,-0.0910004482830127,1,0.3908044342883,1,Female,
NAD+,NAD redox,LUNG,female,8w,-0.0980310236825268,1,0.355895779419086,1,Female,
NAD+,NAD redox,LUNG,male,1w,0.121412646181768,1,0.387787811905029,1,Male,
NAD+,NAD redox,LUNG,male,2w,0.128408615206133,1,0.3615173653191,1,Male,
NAD+,NAD redox,LUNG,male,4w,0.109340140793386,1,0.435967476923804,1,Male,
NAD+,NAD redox,LUNG,male,8w,0.0479590255404982,1,0.731116614758231,1,Male,
NAD+,NAD redox,SKM-GN,female,1w,0.2046072002352185,1,0.243034853298559,2,Female,
NAD+,NAD redox,SKM-GN,female,2w,0.2480368420751467,0.961166107320954,0.00273565275960745,2,Female,
NAD+,NAD redox,SKM-GN,female,4w,0.485548505775653,1,0.00623432235184036,2,Female,
NAD+,NAD redox,SKM-GN,female,8w,0.2205369366974745,1,0.0496935181095635,2,Female,
NAD+,NAD redox,SKM-GN,male,1w,0.1036744198644064,1,0.364769207420486,2,Male,
NAD+,NAD redox,SKM-GN,male,2w,0.2359579127286695,1,0.141349268412482,2,Male,
NAD+,NAD redox,SKM-GN,male,4w,0.347564522890577,1,0.00368659446355049,2,Male,
NAD+,NAD redox,SKM-GN,male,8w,0.1279455080735073,1,0.0849619117022627,2,Male,
NAD+,NAD redox,WAT-SC,female,1w,0.14825828840233704,1,0.606464829160693,2,Female,
NAD+,NAD redox,WAT-SC,female,2w,-0.0369909546315805,1,0.153826432382113,2,Female,
NAD+,NAD redox,WAT-SC,female,4w,-0.2274073012679065,1,0.191716885137071,2,Female,
NAD+,NAD redox,WAT-SC,female,8w,0.37092774112665405,1,0.138769757971001,2,Female,
NAD+,NAD redox,WAT-SC,male,1w,-0.44537084083864664,1,0.135763141797519,2,Male,
NAD+,NAD redox,WAT-SC,male,2w,0.2646744806720085,1,0.416305364382424,2,Male,
NAD+,NAD redox,WAT-SC,male,4w,-0.1819905006797809,1,0.487018110335175,2,Male,
NAD+,NAD redox,WAT-SC,male,8w,-0.03937565850448149,1,0.0959496503531249,2,Male,
NADH,NAD redox,BAT,female,1w,-1.50141939989666,1,0.116574125245289,1,Female,
NADH,NAD redox,BAT,female,2w,-0.66819365438933,1,0.473851700786682,1,Female,
NADH,NAD redox,BAT,female,4w,-0.61819334140554,1,0.507169004903287,1,Female,
NADH,NAD redox,BAT,female,8w,-0.593090598798898,1,0.542540161963264,1,Female,
NADH,NAD redox,BAT,male,1w,-0.675846142525093,1,0.353430059925691,1,Male,
NADH,NAD redox,BAT,male,2w,-1.43719766202546,1,0.0567752390839232,1,Male,
NADH,NAD redox,BAT,male,4w,-0.243217530811709,1,0.736048961222193,1,Male,
NADH,NAD redox,BAT,male,8w,-0.293563126497154,1,0.724604975546059,1,Male,
NADH,NAD redox,HEART,female,1w,0.2994606913566112,1,0.12604451879316,2,Female,
NADH,NAD redox,HEART,female,2w,-0.04098430992071955,1,0.864217698150523,2,Female,
NADH,NAD redox,HEART,female,4w,-0.2048402975054774,1,0.16332327288464701,2,Female,
NADH,NAD redox,HEART,female,8w,-0.09916764144440379,1,0.621144867023025,2,Female,
NADH,NAD redox,HEART,male,1w,-0.334985566750411,0.146060220223534,7.62040503917122e-5,2,Male,
NADH,NAD redox,HEART,male,2w,0.17350966839063953,1,0.0113580115075546,2,Male,
NADH,NAD redox,HEART,male,4w,-0.5270903012380606,0.156783010674473,8.76792434931629e-5,2,Male,
NADH,NAD redox,HEART,male,8w,0.10398460647674615,1,0.535760134277278,2,Male,
NADH,NAD redox,HIPPOC,female,1w,1.18519465849296,1,0.356730923759478,1,Female,
NADH,NAD redox,HIPPOC,female,2w,1.60230585855736,1,0.216561973868805,1,Female,
NADH,NAD redox,HIPPOC,female,4w,0.257724363946201,1,0.848670937224915,1,Female,
NADH,NAD redox,HIPPOC,female,8w,1.65595130865281,1,0.202119743243346,1,Female,
NADH,NAD redox,HIPPOC,male,1w,0.529037826049318,1,0.0694510923998323,1,Male,
NADH,NAD redox,HIPPOC,male,2w,0.200240912561194,1,0.477745990410006,1,Male,
NADH,NAD redox,HIPPOC,male,4w,0.279517758523208,1,0.324304634626525,1,Male,
NADH,NAD redox,HIPPOC,male,8w,0.154815970765586,1,0.582208972914187,1,Male,
NADH,NAD redox,KIDNEY,female,1w,1.01927644822796,0.699041401736011,0.00149485732948801,1,Female,
NADH,NAD redox,KIDNEY,female,2w,1.23965113619327,0.254012855348271,2.15539136699442e-4,1,Female,
NADH,NAD redox,KIDNEY,female,4w,0.386255732731905,1,0.185595855335631,1,Female,
NADH,NAD redox,KIDNEY,female,8w,0.0526584816404934,1,0.854076762405751,1,Female,
NADH,NAD redox,KIDNEY,male,1w,0.0137745434558822,1,0.949509556834192,1,Male,
NADH,NAD redox,KIDNEY,male,2w,-0.0222383912766282,1,0.918578611948905,1,Male,
NADH,NAD redox,KIDNEY,male,4w,-0.0373756981927285,1,0.863618106187503,1,Male,
NADH,NAD redox,KIDNEY,male,8w,-0.440497139968736,1,0.0522813145357193,1,Male,
NADH,NAD redox,LIVER,female,1w,-0.4212345620792845,1,0.0127606883536244,2,Female,
NADH,NAD redox,LIVER,female,2w,-0.6842771597245769,0.706950602588273,0.00152683491706757,2,Female,
NADH,NAD redox,LIVER,female,4w,-0.35829155958070646,1,0.0584021551904326,2,Female,
NADH,NAD redox,LIVER,female,8w,-0.4288585517790794,1,0.0409568865379092,2,Female,
NADH,NAD redox,LIVER,male,1w,0.762939208683621,1,0.131621130835672,2,Male,
NADH,NAD redox,LIVER,male,2w,0.830765738684438,1,0.0462942941900084,2,Male,
NADH,NAD redox,LIVER,male,4w,0.6904338832691413,1,0.133657336718736,2,Male,
NADH,NAD redox,LIVER,male,8w,0.42327547822012807,1,0.10577997867198,2,Male,
NADH,NAD redox,LUNG,female,1w,0.275689073715955,1,0.29122148064206,1,Female,
NADH,NAD redox,LUNG,female,2w,-0.0199617542323152,1,0.938296288629012,1,Female,
NADH,NAD redox,LUNG,female,4w,0.0248636533698594,1,0.923189244380969,1,Female,
NADH,NAD redox,LUNG,female,8w,-0.00572096072716372,1,0.982298619799231,1,Female,
NADH,NAD redox,LUNG,male,1w,0.588524939693449,1,0.0205738167402454,1,Male,
NADH,NAD redox,LUNG,male,2w,0.555994009189136,1,0.0277113782013409,1,Male,
NADH,NAD redox,LUNG,male,4w,-0.0908692043308286,1,0.703724186926882,1,Male,
NADH,NAD redox,LUNG,male,8w,-0.122340663328425,1,0.609129407449733,1,Male,
NADH,NAD redox,SKM-GN,female,1w,0.10825549687682574,1,0.505023695013174,2,Female,
NADH,NAD redox,SKM-GN,female,2w,-0.20626736496833856,1,0.602644235092554,2,Female,
NADH,NAD redox,SKM-GN,female,4w,-0.1609283352527465,1,0.330533459250038,2,Female,
NADH,NAD redox,SKM-GN,female,8w,-0.5216137364273677,1,0.135649398044162,2,Female,
NADH,NAD redox,SKM-GN,male,1w,-0.526448017485037,1,0.348630893170217,2,Male,
NADH,NAD redox,SKM-GN,male,2w,-0.030157172855037995,1,0.245399672452806,2,Male,
NADH,NAD redox,SKM-GN,male,4w,-0.630514008372428,1,0.130015411903698,2,Male,
NADH,NAD redox,SKM-GN,male,8w,0.06401313410313911,1,0.88916716421837,2,Male,
NADH,NAD redox,WAT-SC,female,1w,0.5024811230381951,1,0.48022505028116,2,Female,
NADH,NAD redox,WAT-SC,female,2w,1.2136291621542756,1,0.0505504375685589,2,Female,
NADH,NAD redox,WAT-SC,female,4w,-0.08414609878297535,1,0.351793384772699,2,Female,
NADH,NAD redox,WAT-SC,female,8w,0.7679481537752524,1,0.246918931432632,2,Female,
NADH,NAD redox,WAT-SC,male,1w,-1.146840779431233,1,0.0802573370161774,2,Male,
NADH,NAD redox,WAT-SC,male,2w,1.083965568730205,1,0.00734548646727931,2,Male,
NADH,NAD redox,WAT-SC,male,4w,-1.0401241324881099,1,0.00903056941879419,2,Male,
NADH,NAD redox,WAT-SC,male,8w,0.8363306300256975,1,0.208619746738645,2,Male,
NADP+,NAD redox,BAT,female,1w,-0.403517454547067,1,0.322183636514406,1,Female,
NADP+,NAD redox,BAT,female,2w,-0.344617150045914,1,0.396265255768483,1,Female,
NADP+,NAD redox,BAT,female,4w,-0.997619794771546,1,0.0208002402758465,1,Female,
NADP+,NAD redox,BAT,female,8w,-1.7254893709926,0.380386065924876,4.94728175067281e-4,1,Female,
NADP+,NAD redox,BAT,male,1w,-0.431019373351203,1,0.196487249623927,1,Male,
NADP+,NAD redox,BAT,male,2w,0.405717809967997,1,0.22298614289896,1,Male,
NADP+,NAD redox,BAT,male,4w,-0.223103420093937,1,0.497252956753951,1,Male,
NADP+,NAD redox,BAT,male,8w,-1.16613503257476,1,0.00519712683688642,1,Male,
NADP+,NAD redox,HEART,female,1w,0.21862919241390955,1,0.0403654357996693,2,Female,
NADP+,NAD redox,HEART,female,2w,0.28026359911583,1,0.0815383647463235,2,Female,
NADP+,NAD redox,HEART,female,4w,0.4165295296990775,1,0.00425029886040958,2,Female,
NADP+,NAD redox,HEART,female,8w,0.1699636234603584,1,0.224493742566303,2,Female,
NADP+,NAD redox,HEART,male,1w,0.24013443073943508,1,0.0324437613435788,2,Male,
NADP+,NAD redox,HEART,male,2w,0.11327326904817456,1,0.0980500027042461,2,Male,
NADP+,NAD redox,HEART,male,4w,0.394751403869387,0.871113285326068,0.0022767831041594702,2,Male,
NADP+,NAD redox,HEART,male,8w,0.366411561930277,1,0.0120497633692415,2,Male,
NADP+,NAD redox,HIPPOC,female,1w,0.641682046860226,1,0.260646804373247,1,Female,
NADP+,NAD redox,HIPPOC,female,2w,0.713384878299436,1,0.212698836705011,1,Female,
NADP+,NAD redox,HIPPOC,female,4w,0.668210945325144,1,0.269170975245013,1,Female,
NADP+,NAD redox,HIPPOC,female,8w,0.668098809983533,1,0.242119973794809,1,Female,
NADP+,NAD redox,HIPPOC,male,1w,0.19388128097234,1,0.545154463023964,1,Male,
NADP+,NAD redox,HIPPOC,male,2w,0.142345765460008,1,0.656266230285126,1,Male,
NADP+,NAD redox,HIPPOC,male,4w,-0.0259432740627239,1,0.935206323913762,1,Male,
NADP+,NAD redox,HIPPOC,male,8w,0.0577944837159077,1,0.856327372781721,1,Male,
NADP+,NAD redox,KIDNEY,female,1w,0.270754986083991,1,0.138173842055568,1,Female,
NADP+,NAD redox,KIDNEY,female,2w,0.0850834684780639,1,0.63394517569782,1,Female,
NADP+,NAD redox,KIDNEY,female,4w,0.209515815818286,1,0.24676007097598,1,Female,
NADP+,NAD redox,KIDNEY,female,8w,-0.0897388529219496,1,0.615599994010872,1,Female,
NADP+,NAD redox,KIDNEY,male,1w,0.0312855950717696,1,0.805711262005831,1,Male,
NADP+,NAD redox,KIDNEY,male,2w,-0.0862060002169325,1,0.499827959976507,1,Male,
NADP+,NAD redox,KIDNEY,male,4w,-0.0612419784578204,1,0.63082833267155,1,Male,
NADP+,NAD redox,KIDNEY,male,8w,0.0755484382234859,1,0.55382860894021,1,Male,
NADP+,NAD redox,LIVER,female,1w,-0.2039867267194045,1,0.236052095171241,2,Female,
NADP+,NAD redox,LIVER,female,2w,-0.1269033433526075,1,0.445038733639844,2,Female,
NADP+,NAD redox,LIVER,female,4w,-0.4439103571385715,1,0.0108486540588577,2,Female,
NADP+,NAD redox,LIVER,female,8w,-0.4300301110298357,1,0.00585866217775697,2,Female,
NADP+,NAD redox,LIVER,male,1w,-0.35563862335511,1,0.0296035332796289,2,Male,
NADP+,NAD redox,LIVER,male,2w,-0.42668015641499,0.612712013629915,0.00117132194450261,2,Male,
NADP+,NAD redox,LIVER,male,4w,-0.4010629969042525,1,0.00978312058260546,2,Male,
NADP+,NAD redox,LIVER,male,8w,-0.33117465141205,1,0.00636531196229675,2,Male,
NADP+,NAD redox,LUNG,female,1w,-0.100489010052639,1,0.403284644524933,1,Female,
NADP+,NAD redox,LUNG,female,2w,-0.157080402520831,1,0.196449501680814,1,Female,
NADP+,NAD redox,LUNG,female,4w,-0.265026539500062,1,0.0349530714753221,1,Female,
NADP+,NAD redox,LUNG,female,8w,-0.253811716164082,1,0.042583450519916,1,Female,
NADP+,NAD redox,LUNG,male,1w,0.146216229624821,1,0.290046204370738,1,Male,
NADP+,NAD redox,LUNG,male,2w,-6.85302500613716e-6,1,0.999959915751242,1,Male,
NADP+,NAD redox,LUNG,male,4w,-0.0803554427261814,1,0.557389547290968,1,Male,
NADP+,NAD redox,LUNG,male,8w,-0.0478929052473669,1,0.72589314450707,1,Male,
NADP+,NAD redox,SKM-GN,female,1w,0.3199084483972045,1,0.0277646678118455,2,Female,
NADP+,NAD redox,SKM-GN,female,2w,0.1827752554967813,1,0.0140215505448828,2,Female,
NADP+,NAD redox,SKM-GN,female,4w,0.4844108416938925,1,0.0164670240239169,2,Female,
NADP+,NAD redox,SKM-GN,female,8w,0.38130128144220354,1,0.0461841592930789,2,Female,
NADP+,NAD redox,SKM-GN,male,1w,0.1544802261410465,1,0.356232802103735,2,Male,
NADP+,NAD redox,SKM-GN,male,2w,0.14900680682755502,1,0.336152258806327,2,Male,
NADP+,NAD redox,SKM-GN,male,4w,0.1393522689523578,1,0.214433777422934,2,Male,
NADP+,NAD redox,SKM-GN,male,8w,0.1321580231131915,1,0.133987985933239,2,Male,
NADP+,NAD redox,WAT-SC,female,1w,0.10347065898741595,1,0.593610914363015,2,Female,
NADP+,NAD redox,WAT-SC,female,2w,-0.08824265903664605,1,0.767752326386081,2,Female,
NADP+,NAD redox,WAT-SC,female,4w,0.12014414797086431,1,0.338391909861844,2,Female,
NADP+,NAD redox,WAT-SC,female,8w,0.3820648033370085,1,0.188911981802903,2,Female,
NADP+,NAD redox,WAT-SC,male,1w,-0.8744461221507135,1,0.102389989485447,2,Male,
NADP+,NAD redox,WAT-SC,male,2w,-0.197515294760976,1,0.550470237058802,2,Male,
NADP+,NAD redox,WAT-SC,male,4w,-0.698972728462691,1,0.113195677286325,2,Male,
NADP+,NAD redox,WAT-SC,male,8w,-0.052805545218012104,1,0.842066731844166,2,Male,
NADPH,NAD redox,BAT,female,1w,-0.914292721688986,1,0.0387180732515632,1,Female,
NADPH,NAD redox,BAT,female,2w,-0.43617515772404,1,0.303755080478911,1,Female,
NADPH,NAD redox,BAT,female,4w,-1.17509468849508,1,0.0100343782647472,1,Female,
NADPH,NAD redox,BAT,female,8w,-1.21740901112048,1,0.0106463502333056,1,Female,
NADPH,NAD redox,BAT,male,1w,0.802792038076918,1,0.0724189615540175,1,Male,
NADPH,NAD redox,BAT,male,2w,1.0605730097928,1,0.020912446549873,1,Male,
NADPH,NAD redox,BAT,male,4w,0.9254925508769,1,0.0407872134669733,1,Male,
NADPH,NAD redox,BAT,male,8w,0.520427902530007,1,0.299940918213011,1,Male,
NADPH,NAD redox,HEART,female,1w,0.2662148487600235,1,0.209038673267077,2,Female,
NADPH,NAD redox,HEART,female,2w,0.135338787221946,1,0.343222364443586,2,Female,
NADPH,NAD redox,HEART,female,4w,-0.47522072598541937,1,0.00723806728079312,2,Female,
NADPH,NAD redox,HEART,female,8w,-0.08069542042662468,1,0.645797325713889,2,Female,
NADPH,NAD redox,HEART,male,1w,-0.8452486867336306,0.00287408697619983,1.96963802923601e-7,2,Male,●
NADPH,NAD redox,HEART,male,2w,-0.04776875587510798,0.455622385863305,6.77554283337926e-4,2,Male,
NADPH,NAD redox,HEART,male,4w,-0.7456187366596609,0.034450504267935,7.21230226946554e-6,2,Male,●
NADPH,NAD redox,HEART,male,8w,-0.29418610355983354,1,0.0166461787221314,2,Male,
NADPH,NAD redox,HIPPOC,female,1w,1.97493235290766,1,0.0364579265901044,1,Female,
NADPH,NAD redox,HIPPOC,female,2w,2.54332125884275,1,0.00900041505749122,1,Female,
NADPH,NAD redox,HIPPOC,female,4w,2.22266928281584,1,0.0273864814738314,1,Female,
NADPH,NAD redox,HIPPOC,female,8w,1.17009527039513,1,0.199892584271603,1,Female,
NADPH,NAD redox,HIPPOC,male,1w,0.250565508974526,1,0.838094979531254,1,Male,
NADPH,NAD redox,HIPPOC,male,2w,0.539590682025463,1,0.660474113998128,1,Male,
NADPH,NAD redox,HIPPOC,male,4w,1.10905164173054,1,0.369994578917148,1,Male,
NADPH,NAD redox,HIPPOC,male,8w,-0.764281412831066,1,0.534737647370576,1,Male,
NADPH,NAD redox,KIDNEY,female,1w,0.795594229164011,1,0.104915495731567,1,Female,
NADPH,NAD redox,KIDNEY,female,2w,0.193450616037881,1,0.685344985074411,1,Female,
NADPH,NAD redox,KIDNEY,female,4w,0.285186022227632,1,0.551131093605953,1,Female,
NADPH,NAD redox,KIDNEY,female,8w,-0.17062321520968,1,0.720709126837031,1,Female,
NADPH,NAD redox,KIDNEY,male,1w,-0.195068452949295,1,0.649680919369616,1,Male,
NADPH,NAD redox,KIDNEY,male,2w,-0.876209671433058,1,0.0501987199120724,1,Male,
NADPH,NAD redox,KIDNEY,male,4w,-0.305109369654922,1,0.478887270845454,1,Male,
NADPH,NAD redox,KIDNEY,male,8w,-0.4172864915568,1,0.33514108052766,1,Male,
NADPH,NAD redox,LIVER,female,1w,-0.3290274275935015,1,0.18144431366156,2,Female,
NADPH,NAD redox,LIVER,female,2w,-0.5270252322790577,1,0.0627328135341764,2,Female,
NADPH,NAD redox,LIVER,female,4w,0.1756862767046726,1,0.124309606148454,2,Female,
NADPH,NAD redox,LIVER,female,8w,-0.44703943033944504,1,0.0685878212021026,2,Female,
NADPH,NAD redox,LIVER,male,1w,0.149486511005422,1,0.0319060530038186,2,Male,
NADPH,NAD redox,LIVER,male,2w,0.12425290969279551,1,0.0281389927690099,2,Male,
NADPH,NAD redox,LIVER,male,4w,0.15376515043688901,1,0.0172392203447059,2,Male,
NADPH,NAD redox,LIVER,male,8w,-0.761507568277538,0.42877428720544,6.03167253796097e-4,2,Male,
NADPH,NAD redox,LUNG,female,1w,0.0447728334428108,1,0.914470268561195,1,Female,
NADPH,NAD redox,LUNG,female,2w,-0.175006436622265,1,0.675207582964747,1,Female,
NADPH,NAD redox,LUNG,female,4w,0.65482344893965,1,0.126328312224268,1,Female,
NADPH,NAD redox,LUNG,female,8w,-0.748508762908039,1,0.0829674616115632,1,Female,
NADPH,NAD redox,LUNG,male,1w,-0.191405826008848,1,0.625861379071702,1,Male,
NADPH,NAD redox,LUNG,male,2w,0.0783538553858838,1,0.841445040431907,1,Male,
NADPH,NAD redox,LUNG,male,4w,0.18237439054658,1,0.642166174631934,1,Male,
NADPH,NAD redox,LUNG,male,8w,-0.117768084090913,1,0.763796610336049,1,Male,
NADPH,NAD redox,SKM-GN,female,1w,-0.16403088636234497,1,0.126010332946464,2,Female,
NADPH,NAD redox,SKM-GN,female,2w,-0.38879386683483397,1,0.00302332057659646,2,Female,
NADPH,NAD redox,SKM-GN,female,4w,0.036840441769115495,1,0.200184541917145,2,Female,
NADPH,NAD redox,SKM-GN,female,8w,-0.6935656688458081,1,0.299577231817828,2,Female,
NADPH,NAD redox,SKM-GN,male,1w,0.25794116074268003,1,0.788803983181543,2,Male,
NADPH,NAD redox,SKM-GN,male,2w,0.4357026249334925,1,0.361958023142299,2,Male,
NADPH,NAD redox,SKM-GN,male,4w,-0.13518696552948703,1,0.476462452795276,2,Male,
NADPH,NAD redox,SKM-GN,male,8w,-0.9987117444287246,1,0.124896313066968,2,Male,
NADPH,NAD redox,WAT-SC,female,1w,0.6734307933834055,1,0.284720704587744,2,Female,
NADPH,NAD redox,WAT-SC,female,2w,0.9621710976103821,1,0.0872058183466725,2,Female,
NADPH,NAD redox,WAT-SC,female,4w,-0.23417769039820346,1,0.149491037044437,2,Female,
NADPH,NAD redox,WAT-SC,female,8w,1.0200481877486434,1,0.200763782378449,2,Female,
NADPH,NAD redox,WAT-SC,male,1w,-0.659634093840247,1,0.313723149895243,2,Male,
NADPH,NAD redox,WAT-SC,male,2w,0.5626086290846855,1,0.443720142980707,2,Male,
NADPH,NAD redox,WAT-SC,male,4w,-0.8125576477036692,1,0.430710979036248,2,Male,
NADPH,NAD redox,WAT-SC,male,8w,1.369972154651869,1,0.151494273858537,2,Male,
PEP,Glycolysis,BAT,female,1w,-1.05964324979198,1,0.0231941686858327,1,Female,
PEP,Glycolysis,BAT,female,2w,-0.910944288673016,1,0.04731942332879,1,Female,
PEP,Glycolysis,BAT,female,4w,-0.380229088683815,1,0.388160663609561,1,Female,
PEP,Glycolysis,BAT,female,8w,-0.552936581140234,1,0.234192585272031,1,Female,
PEP,Glycolysis,BAT,male,1w,-0.198741155795513,1,0.747077864260358,1,Male,
PEP,Glycolysis,BAT,male,2w,-0.183460451001246,1,0.765889309085279,1,Male,
PEP,Glycolysis,BAT,male,4w,-0.530567284771496,1,0.392983486073372,1,Male,
PEP,Glycolysis,BAT,male,8w,-1.0442944064127,1,0.152151240037447,1,Male,
PEP,Glycolysis,HEART,female,1w,0.148140518930763,1,0.542695907754125,1,Female,
PEP,Glycolysis,HEART,female,2w,-0.431001920105139,1,0.0849129392112971,1,Female,
PEP,Glycolysis,HEART,female,4w,0.442084654969454,1,0.0776609297083789,1,Female,
PEP,Glycolysis,HEART,female,8w,-0.36311953111085,1,0.143096774579115,1,Female,
PEP,Glycolysis,HEART,male,1w,0.679457520796461,1,0.057434070976347,1,Male,
PEP,Glycolysis,HEART,male,2w,0.733074782977856,1,0.0415636649582001,1,Male,
PEP,Glycolysis,HEART,male,4w,0.496271711818078,1,0.157905244047028,1,Male,
PEP,Glycolysis,HEART,male,8w,-0.0684324421944513,1,0.842399044043308,1,Male,
PEP,Glycolysis,KIDNEY,female,1w,-0.140826977196385,1,0.69896504149176,1,Female,
PEP,Glycolysis,KIDNEY,female,2w,-1.07842292898111,1,0.00637500773334377,1,Female,
PEP,Glycolysis,KIDNEY,female,4w,-0.154906977415042,1,0.670664456134082,1,Female,
PEP,Glycolysis,KIDNEY,female,8w,0.0537711161944481,1,0.882449129801842,1,Female,
PEP,Glycolysis,KIDNEY,male,1w,-0.458008545699254,1,0.144517790120623,1,Male,
PEP,Glycolysis,KIDNEY,male,2w,-0.0755192953169019,1,0.805490768023662,1,Male,
PEP,Glycolysis,KIDNEY,male,4w,-0.463519741547097,1,0.139968058735007,1,Male,
PEP,Glycolysis,KIDNEY,male,8w,-0.0559956781764344,1,0.855079120358073,1,Male,
PEP,Glycolysis,LIVER,female,1w,-0.238816153617547,1,0.642862770763462,1,Female,
PEP,Glycolysis,LIVER,female,2w,-0.517709827596348,1,0.319082999215463,1,Female,
PEP,Glycolysis,LIVER,female,4w,-0.347529072517855,1,0.500972838542591,1,Female,
PEP,Glycolysis,LIVER,female,8w,-0.426881414098906,1,0.40966466443553,1,Female,
PEP,Glycolysis,LIVER,male,1w,0.757497242996891,1,0.325750479252484,1,Male,
PEP,Glycolysis,LIVER,male,2w,0.658211292950344,1,0.391922922470084,1,Male,
PEP,Glycolysis,LIVER,male,4w,0.756847925488692,1,0.326156563500988,1,Male,
PEP,Glycolysis,LIVER,male,8w,-0.102213895653772,1,0.893390145504256,1,Male,
PEP,Glycolysis,LUNG,female,1w,0.0491674423030277,1,0.837697875355816,1,Female,
PEP,Glycolysis,LUNG,female,2w,0.230486634885153,1,0.34176526574662,1,Female,
PEP,Glycolysis,LUNG,female,4w,-0.0501221901360691,1,0.834594453141461,1,Female,
PEP,Glycolysis,LUNG,female,8w,0.297082083840701,1,0.223553140079083,1,Female,
PEP,Glycolysis,LUNG,male,1w,-0.0716974494404488,1,0.825197581942141,1,Male,
PEP,Glycolysis,LUNG,male,2w,-0.464153883159598,1,0.161999927176656,1,Male,
PEP,Glycolysis,LUNG,male,4w,-0.684970552816478,1,0.0441117647062873,1,Male,
PEP,Glycolysis,LUNG,male,8w,-0.391213419035516,1,0.235531952481165,1,Male,
PEP,Glycolysis,SKM-GN,female,1w,0.855548510197583,1,0.0211412128819113,1,Female,
PEP,Glycolysis,SKM-GN,female,2w,0.928329747965358,1,0.013219905163327,1,Female,
PEP,Glycolysis,SKM-GN,female,4w,0.331256053990012,1,0.34782166245062,1,Female,
PEP,Glycolysis,SKM-GN,female,8w,0.327321400222272,1,0.353467879219068,1,Female,
PEP,Glycolysis,SKM-GN,male,1w,0.50482792876954,1,0.224775591235904,1,Male,
PEP,Glycolysis,SKM-GN,male,2w,0.472430365009345,1,0.255011533785433,1,Male,
PEP,Glycolysis,SKM-GN,male,4w,0.382422249228588,1,0.354515538901295,1,Male,
PEP,Glycolysis,SKM-GN,male,8w,-0.259431010444826,1,0.527861031474015,1,Male,
Pyruvate,Lactate/Pyruvate,BAT,female,1w,1.16985965951671,0.881934583409062,0.00232551020917931,1,Female,
Pyruvate,Lactate/Pyruvate,BAT,female,2w,0.707794384840293,1,0.0476984292825668,1,Female,
Pyruvate,Lactate/Pyruvate,BAT,female,4w,0.208458124041495,1,0.541424949836498,1,Female,
Pyruvate,Lactate/Pyruvate,BAT,female,8w,0.445513694052542,1,0.218788870837427,1,Female,
Pyruvate,Lactate/Pyruvate,BAT,male,1w,0.767722987264683,1,0.0976662789937578,1,Male,
Pyruvate,Lactate/Pyruvate,BAT,male,2w,0.779481173775172,1,0.0929679379979599,1,Male,
Pyruvate,Lactate/Pyruvate,BAT,male,4w,0.239296546996317,1,0.594334300271181,1,Male,
Pyruvate,Lactate/Pyruvate,BAT,male,8w,-0.409182045394209,1,0.432241472234141,1,Male,
Pyruvate,Lactate/Pyruvate,HEART,female,1w,-0.096348221817407,1,0.722872267265717,1,Female,
Pyruvate,Lactate/Pyruvate,HEART,female,2w,-0.208545772537472,1,0.444932803937296,1,Female,
Pyruvate,Lactate/Pyruvate,HEART,female,4w,0.572626501591937,1,0.0433210892772071,1,Female,
Pyruvate,Lactate/Pyruvate,HEART,female,8w,0.299438822189976,1,0.27578195724241,1,Female,
Pyruvate,Lactate/Pyruvate,HEART,male,1w,0.848681271212502,0.756964255563254,0.00173800350537846,1,Male,
Pyruvate,Lactate/Pyruvate,HEART,male,2w,0.453237955607272,1,0.0720782018757723,1,Male,
Pyruvate,Lactate/Pyruvate,HEART,male,4w,0.469246674189131,1,0.0631982262959411,1,Male,
Pyruvate,Lactate/Pyruvate,HEART,male,8w,0.171848775693232,1,0.482487162593789,1,Male,
Pyruvate,Lactate/Pyruvate,KIDNEY,female,1w,-0.774315500048409,1,0.0059428947754753304,1,Female,
Pyruvate,Lactate/Pyruvate,KIDNEY,female,2w,-0.923596902895915,0.688517079044474,0.00145110574266959,1,Female,
Pyruvate,Lactate/Pyruvate,KIDNEY,female,4w,-0.115048772098108,1,0.656936395731385,1,Female,
Pyruvate,Lactate/Pyruvate,KIDNEY,female,8w,-0.00239912034561501,1,0.992594227947416,1,Female,
Pyruvate,Lactate/Pyruvate,KIDNEY,male,1w,-0.341780246180037,1,0.249153420405357,1,Male,
Pyruvate,Lactate/Pyruvate,KIDNEY,male,2w,-0.164432215915903,1,0.574962021710525,1,Male,
Pyruvate,Lactate/Pyruvate,KIDNEY,male,4w,-0.167726589909727,1,0.567381039568373,1,Male,
Pyruvate,Lactate/Pyruvate,KIDNEY,male,8w,0.167984279552346,1,0.566790206016869,1,Male,
Pyruvate,Lactate/Pyruvate,LIVER,female,1w,0.0776543512079535,1,0.753683954988129,1,Female,
Pyruvate,Lactate/Pyruvate,LIVER,female,2w,-0.311369449301566,1,0.215807404687822,1,Female,
Pyruvate,Lactate/Pyruvate,LIVER,female,4w,-0.0258680399950926,1,0.916668280733199,1,Female,
Pyruvate,Lactate/Pyruvate,LIVER,female,8w,-0.144548325966526,1,0.560234260144731,1,Female,
Pyruvate,Lactate/Pyruvate,LIVER,male,1w,-0.114709007112458,1,0.651185409135886,1,Male,
Pyruvate,Lactate/Pyruvate,LIVER,male,2w,-0.0535924252744122,1,0.832414123551754,1,Male,
Pyruvate,Lactate/Pyruvate,LIVER,male,4w,-0.448360801325026,1,0.0866013303303096,1,Male,
Pyruvate,Lactate/Pyruvate,LIVER,male,8w,-0.373240128051172,1,0.149724289236305,1,Male,
Pyruvate,Lactate/Pyruvate,LUNG,female,1w,0.1711365468994,1,0.429406459173151,1,Female,
Pyruvate,Lactate/Pyruvate,LUNG,female,2w,0.134401146255172,1,0.533746750287762,1,Female,
Pyruvate,Lactate/Pyruvate,LUNG,female,4w,0.00302445539622487,1,0.988776849770273,1,Female,
Pyruvate,Lactate/Pyruvate,LUNG,female,8w,-0.0386326280412711,1,0.857457291607676,1,Female,
Pyruvate,Lactate/Pyruvate,LUNG,male,1w,0.253458364911335,1,0.347504981987792,1,Male,
Pyruvate,Lactate/Pyruvate,LUNG,male,2w,0.519410157522244,1,0.0618898228122387,1,Male,
Pyruvate,Lactate/Pyruvate,LUNG,male,4w,-0.01627713865226,1,0.951398935045465,1,Male,
Pyruvate,Lactate/Pyruvate,LUNG,male,8w,-0.108534373039845,1,0.684997725410369,1,Male,
Pyruvate,Lactate/Pyruvate,NA,female,1w,-0.061600243091307,1,0.785931299297643,1,Female,
Pyruvate,Lactate/Pyruvate,NA,female,2w,0.0496296234446172,1,0.826739345663432,1,Female,
Pyruvate,Lactate/Pyruvate,NA,female,4w,-0.0227975813268126,1,0.919875469658745,1,Female,
Pyruvate,Lactate/Pyruvate,NA,female,8w,0.0160275564884005,1,0.943618045582073,1,Female,
Pyruvate,Lactate/Pyruvate,NA,male,1w,0.397380461090346,1,0.0849710615311222,1,Male,
Pyruvate,Lactate/Pyruvate,NA,male,2w,0.202385464897922,1,0.368023706693112,1,Male,
Pyruvate,Lactate/Pyruvate,NA,male,4w,-0.00727780748115769,1,0.973928613479647,1,Male,
Pyruvate,Lactate/Pyruvate,NA,male,8w,-0.125601264349229,1,0.596103049109483,1,Male,
Pyruvate,Lactate/Pyruvate,SKM-GN,female,1w,0.271288592453335,1,0.543661619958684,1,Female,
Pyruvate,Lactate/Pyruvate,SKM-GN,female,2w,0.564498126972504,1,0.212412561389557,1,Female,
Pyruvate,Lactate/Pyruvate,SKM-GN,female,4w,-0.0415401111309825,1,0.925615804782705,1,Female,
Pyruvate,Lactate/Pyruvate,SKM-GN,female,8w,0.455277246842146,1,0.31167541830373,1,Female,
Pyruvate,Lactate/Pyruvate,SKM-GN,male,1w,0.309026488424728,1,0.319555808573701,1,Male,
Pyruvate,Lactate/Pyruvate,SKM-GN,male,2w,0.287327391077101,1,0.354018091252782,1,Male,
Pyruvate,Lactate/Pyruvate,SKM-GN,male,4w,0.444830483208972,1,0.156551554139565,1,Male,
Pyruvate,Lactate/Pyruvate,SKM-GN,male,8w,-0.555877315016857,1,0.0801610063467758,1,Male,
Pyruvate,Lactate/Pyruvate,WAT-SC,female,1w,-0.385682743160298,1,0.163489853169275,1,Female,
Pyruvate,Lactate/Pyruvate,WAT-SC,female,2w,-0.038600202105345,1,0.886857248942015,1,Female,
Pyruvate,Lactate/Pyruvate,WAT-SC,female,4w,0.091688158279203,1,0.735635880767157,1,Female,
Pyruvate,Lactate/Pyruvate,WAT-SC,female,8w,0.464241433709259,1,0.0963567359456692,1,Female,
Pyruvate,Lactate/Pyruvate,WAT-SC,male,1w,0.162478771392241,1,0.592448444285042,1,Male,
Pyruvate,Lactate/Pyruvate,WAT-SC,male,2w,0.381790293213128,1,0.214819593647316,1,Male,
Pyruvate,Lactate/Pyruvate,WAT-SC,male,4w,0.0971468746610672,1,0.748434243952796,1,Male,
Pyruvate,Lactate/Pyruvate,WAT-SC,male,8w,-0.0283556799294044,1,0.925342580418873,1,Male,
Succinate,TCA cycle,BAT,female,1w,-0.8291797382902765,1,0.00767609033718891,2,Female,
Succinate,TCA cycle,BAT,female,2w,-0.435746289687076,0.888856950883472,0.00235986058018942,3,Female,
Succinate,TCA cycle,BAT,female,4w,-0.25307744855474334,1,0.0357760203085537,3,Female,
Succinate,TCA cycle,BAT,female,8w,-0.14670084036276365,1,0.0958497376258625,3,Female,
Succinate,TCA cycle,BAT,male,1w,-0.2833152571173247,0.470196556254214,7.20089551523718e-4,3,Male,
Succinate,TCA cycle,BAT,male,2w,-0.7010135882271713,0.906514959968165,0.00245139592186304,3,Male,
Succinate,TCA cycle,BAT,male,4w,-0.1927795299858817,1,0.14638631986916,3,Male,
Succinate,TCA cycle,BAT,male,8w,-0.749443860785063,1,0.00601452101437694,2,Male,
Succinate,TCA cycle,HEART,female,1w,-0.24615594807043856,1,0.0271959829582206,3,Female,
Succinate,TCA cycle,HEART,female,2w,0.137267696545283,1,0.109986928502343,3,Female,
Succinate,TCA cycle,HEART,female,4w,-0.092565850406022,1,0.0485816020372537,3,Female,
Succinate,TCA cycle,HEART,female,8w,0.11983568778741893,1,0.594216655038352,3,Female,
Succinate,TCA cycle,HEART,male,1w,-0.1284049464213043,0.905054079473452,0.00244220041759754,3,Male,
Succinate,TCA cycle,HEART,male,2w,-0.17281850862237197,0.411142060919946,5.59329841162882e-4,3,Male,
Succinate,TCA cycle,HEART,male,4w,-0.27325465523328,0.566775846076107,0.00100796006110959,3,Male,
Succinate,TCA cycle,HEART,male,8w,0.15964862339466301,1,0.018793881536404,3,Male,
Succinate,TCA cycle,HIPPOC,female,1w,-0.4021026561417117,1,0.0183952994608175,3,Female,
Succinate,TCA cycle,HIPPOC,female,2w,-0.064438650410842,1,0.0771427732393997,3,Female,
Succinate,TCA cycle,HIPPOC,female,4w,0.21489366910780966,1,0.423844364946441,3,Female,
Succinate,TCA cycle,HIPPOC,female,8w,0.296232340683349,1,0.0764433926878159,3,Female,
Succinate,TCA cycle,HIPPOC,male,1w,0.597626211371448,1,0.144688532031861,3,Male,
Succinate,TCA cycle,HIPPOC,male,2w,0.10653612735457757,1,0.731815034289344,3,Male,
Succinate,TCA cycle,HIPPOC,male,4w,-0.164246823186751,1,0.236745278359732,3,Male,
Succinate,TCA cycle,HIPPOC,male,8w,-0.10421450742959248,1,0.492681905826914,3,Male,
Succinate,TCA cycle,KIDNEY,female,1w,-0.246345773262086,0.605815185452596,0.00114097819507429,3,Female,
Succinate,TCA cycle,KIDNEY,female,2w,-0.35097395503342527,0.958876629931024,0.00271871728975358,3,Female,
Succinate,TCA cycle,KIDNEY,female,4w,-0.4114335298338619,0.252515325717804,2.13482278729387e-4,3,Female,
Succinate,TCA cycle,KIDNEY,female,8w,-0.0423507424149239,1,0.652270559431001,3,Female,
Succinate,TCA cycle,KIDNEY,male,1w,-0.16718883988085975,0.665254925506107,0.00135154858047329,3,Male,
Succinate,TCA cycle,KIDNEY,male,2w,-0.27776287696579155,1,0.00771271033821121,3,Male,
Succinate,TCA cycle,KIDNEY,male,4w,0.03510847593982998,1,0.0644765144900548,3,Male,
Succinate,TCA cycle,KIDNEY,male,8w,-0.0037712991214744855,1,0.391741155393997,3,Male,
Succinate,TCA cycle,LIVER,female,1w,-0.02140674762084132,1,0.507508019995479,3,Female,
Succinate,TCA cycle,LIVER,female,2w,-0.0396506340135428,1,0.392156344278833,3,Female,
Succinate,TCA cycle,LIVER,female,4w,-0.153112585046009,1,0.115804008285261,3,Female,
Succinate,TCA cycle,LIVER,female,8w,-0.138481940274707,1,0.195727715061497,3,Female,
Succinate,TCA cycle,LIVER,male,1w,0.16909672379385723,1,0.196610032664603,3,Male,
Succinate,TCA cycle,LIVER,male,2w,0.3854798977900403,1,0.00746659301374118,3,Male,
Succinate,TCA cycle,LIVER,male,4w,0.13022008193652368,1,0.176236264525128,3,Male,
Succinate,TCA cycle,LIVER,male,8w,-0.09440691919734344,1,0.138541335831587,3,Male,
Succinate,TCA cycle,LUNG,female,1w,-0.6897438193759117,0.00253674217804852,1.54360476234256e-7,3,Female,●
Succinate,TCA cycle,LUNG,female,2w,-0.892512226117826,0.00373116654747887,2.86504200794651e-7,3,Female,●
Succinate,TCA cycle,LUNG,female,4w,-0.711815540442403,0.00184297504224463,1.00129307184425e-7,3,Female,●
Succinate,TCA cycle,LUNG,female,8w,-0.18678874433761825,1,0.0757237838371798,3,Female,
Succinate,TCA cycle,LUNG,male,1w,-0.727192547363123,0.0122606323642999,1.4743529127942e-6,3,Male,●
Succinate,TCA cycle,LUNG,male,2w,-0.7492360132416837,0.00264408775345467,1.66638601082908e-7,3,Male,●
Succinate,TCA cycle,LUNG,male,4w,-0.1587702974312399,1,0.0871749027966055,3,Male,
Succinate,TCA cycle,LUNG,male,8w,-0.137795671209804,1,0.604169854222848,3,Male,
Succinate,TCA cycle,NA,female,1w,-0.90424540633109,0.847418971640883,0.00217372501458864,3,Female,
Succinate,TCA cycle,NA,female,2w,-0.5985469178300716,1,0.00657991792415532,3,Female,
Succinate,TCA cycle,NA,female,4w,-0.2693668757290758,1,0.014593294570784,3,Female,
Succinate,TCA cycle,NA,female,8w,-0.3235057685672377,1,0.118588974476731,3,Female,
Succinate,TCA cycle,NA,male,1w,-0.12605355544811225,1,0.19378697508964,3,Male,
Succinate,TCA cycle,NA,male,2w,-0.2097885241270043,1,0.142648209346365,3,Male,
Succinate,TCA cycle,NA,male,4w,-0.17888801660555967,1,0.0328997386870828,3,Male,
Succinate,TCA cycle,NA,male,8w,-0.39799332545691934,1,0.0826721001141712,3,Male,
Succinate,TCA cycle,SKM-GN,female,1w,-0.1844228622356055,1,0.285918585440617,2,Female,
Succinate,TCA cycle,SKM-GN,female,2w,-0.13816791230724274,1,0.210432721856373,2,Female,
Succinate,TCA cycle,SKM-GN,female,4w,-0.16615263866363317,1,0.24294789466713201,2,Female,
Succinate,TCA cycle,SKM-GN,female,8w,0.2934831112472907,1,0.0811365688789777,2,Female,
Succinate,TCA cycle,SKM-GN,male,1w,-0.349626910260171,1,0.133900983000159,2,Male,
Succinate,TCA cycle,SKM-GN,male,2w,-0.18471086061615194,1,0.324387381245946,2,Male,
Succinate,TCA cycle,SKM-GN,male,4w,0.19991919235783337,1,0.224915797301463,2,Male,
Succinate,TCA cycle,SKM-GN,male,8w,0.03411083726425,1,0.535423402848755,2,Male,
Succinate,TCA cycle,WAT-SC,female,1w,-0.10483924196143334,1,0.163913696232367,3,Female,
Succinate,TCA cycle,WAT-SC,female,2w,0.2494078063262351,1,0.0236153545511971,3,Female,
Succinate,TCA cycle,WAT-SC,female,4w,0.26168503825728845,1,0.187379204403166,3,Female,
Succinate,TCA cycle,WAT-SC,female,8w,0.4179100300668587,1,0.030197862036477702,3,Female,
Succinate,TCA cycle,WAT-SC,male,1w,-0.18815519255450033,1,0.504425183688476,3,Male,
Succinate,TCA cycle,WAT-SC,male,2w,-0.03159528135039863,1,0.584154584392513,3,Male,
Succinate,TCA cycle,WAT-SC,male,4w,-0.27785037546840996,1,0.0439492231099367,3,Male,
Succinate,TCA cycle,WAT-SC,male,8w,0.29337484628803495,1,0.227065167705608,3,Male,
